run_id,model,block,matrix,ngl,ub,t,ctk,mmp,fa,moe_cpu_frac,status,tok_s,stddev_ts,reps_tok_s,wall_s,settle_s,free_ram_gb_pre,temp_pre,sm_mhz_pre,mem_mhz_pre,vram_mib_pre,power_w_pre,temp_post,sm_mhz_post,mem_mhz_post,vram_mib_post,power_w_post,ts_utc,cmd
404d25450a619814,7B,0,A,9,1024,1,f16,0,0,,ok,4.399925,0.088251,"[4.4416, 4.4597, 4.2986]",89.9,30.4,12.77,41,1885,4006,400,36.73,43,911,4006,400,26.10,2026-08-16 19:55:53 UTC,C:/Users/Federico/Documents/evo-compress/tools/llamacpp-b10098/llama-bench.exe -m D:/evo-compress-data/gguf/Qwen2.5-7B-Instruct-Q4_K_M.gguf -ngl 9 -ub 1024 -t 1 -ctk f16 -ctv f16 -b 2048 -mmp 0 -fa 0 -n 128 -p 0 -r 3 -o json
3c472d9fdc762c93,7B,0,B,99,1024,1,q8_0,0,0,,ok,22.419841,0.032005,"[22.4227, 22.4503, 22.3865]",19.3,30.3,12.86,42,139,405,400,8.49,56,1860,4006,400,38.18,2026-08-16 19:56:43 UTC,C:/Users/Federico/Documents/evo-compress/tools/llamacpp-b10098/llama-bench.exe -m D:/evo-compress-data/gguf/Qwen2.5-7B-Instruct-Q4_K_M.gguf -ngl 99 -ub 1024 -t 1 -ctk q8_0 -ctv f16 -b 2048 -mmp 0 -fa 0 -n 128 -p 0 -r 3 -o json
fc6ebf3f73937e50,7B,0,AB_ngl,99,1024,1,f16,0,0,,ok,22.177376,0.04887,"[22.2139, 22.1964, 22.1219]",19.4,30.3,12.86,48,139,405,400,8.20,61,1835,4006,400,38.37,2026-08-16 19:57:34 UTC,C:/Users/Federico/Documents/evo-compress/tools/llamacpp-b10098/llama-bench.exe -m D:/evo-compress-data/gguf/Qwen2.5-7B-Instruct-Q4_K_M.gguf -ngl 99 -ub 1024 -t 1 -ctk f16 -ctv f16 -b 2048 -mmp 0 -fa 0 -n 128 -p 0 -r 3 -o json
5d2da4ac32d677b8,7B,0,AB_ub,9,1024,1,f16,0,0,,ok,4.466169,0.013337,"[4.4656, 4.4798, 4.4531]",88.5,30.3,12.86,52,139,405,400,8.20,52,1506,4006,402,30.61,2026-08-16 19:59:33 UTC,C:/Users/Federico/Documents/evo-compress/tools/llamacpp-b10098/llama-bench.exe -m D:/evo-compress-data/gguf/Qwen2.5-7B-Instruct-Q4_K_M.gguf -ngl 9 -ub 1024 -t 1 -ctk f16 -ctv f16 -b 2048 -mmp 0 -fa 0 -n 128 -p 0 -r 3 -o json
a755c2b75a8ffa2e,7B,0,AB_t,9,1024,1,f16,0,0,,ok,4.483827,0.023614,"[4.4591, 4.4862, 4.5062]",88.2,30.3,12.85,49,139,405,400,8.78,52,1506,4006,398,30.51,2026-08-16 20:01:32 UTC,C:/Users/Federico/Documents/evo-compress/tools/llamacpp-b10098/llama-bench.exe -m D:/evo-compress-data/gguf/Qwen2.5-7B-Instruct-Q4_K_M.gguf -ngl 9 -ub 1024 -t 1 -ctk f16 -ctv f16 -b 2048 -mmp 0 -fa 0 -n 128 -p 0 -r 3 -o json
cea19451b4416a5a,7B,0,AB_ctk,9,1024,1,q8_0,0,0,,ok,4.465399,0.01848,"[4.4445, 4.4798, 4.4719]",88.6,30.4,12.84,49,139,405,398,8.78,52,1506,4006,400,30.61,2026-08-16 20:03:31 UTC,C:/Users/Federico/Documents/evo-compress/tools/llamacpp-b10098/llama-bench.exe -m D:/evo-compress-data/gguf/Qwen2.5-7B-Instruct-Q4_K_M.gguf -ngl 9 -ub 1024 -t 1 -ctk q8_0 -ctv f16 -b 2048 -mmp 0 -fa 0 -n 128 -p 0 -r 3 -o json
f3569dce6311897c,7B,1,A,19,128,3,q8_0,0,0,,ok,12.663843,0.095736,"[12.5533, 12.7179, 12.7203]",32.6,30.4,12.86,49,139,405,400,8.68,59,1860,4006,400,38.57,2026-08-16 20:04:35 UTC,C:/Users/Federico/Documents/evo-compress/tools/llamacpp-b10098/llama-bench.exe -m D:/evo-compress-data/gguf/Qwen2.5-7B-Instruct-Q4_K_M.gguf -ngl 19 -ub 128 -t 3 -ctk q8_0 -ctv f16 -b 2048 -mmp 0 -fa 0 -n 128 -p 0 -r 3 -o json
52e1185198723a20,7B,1,B,0,2048,3,q8_0,0,0,,ok,6.642521,0.016932,"[6.6478, 6.6236, 6.6562]",60.3,30.3,12.85,52,139,405,398,8.78,47,139,405,400,9.17,2026-08-16 20:06:06 UTC,C:/Users/Federico/Documents/evo-compress/tools/llamacpp-b10098/llama-bench.exe -m D:/evo-compress-data/gguf/Qwen2.5-7B-Instruct-Q4_K_M.gguf -ngl 0 -ub 2048 -t 3 -ctk q8_0 -ctv f16 -b 2048 -mmp 0 -fa 0 -n 128 -p 0 -r 3 -o json
29d3a0855c65342a,7B,1,AB_ngl,0,128,3,q8_0,0,0,,ok,6.632362,0.053344,"[6.613, 6.6927, 6.5914]",60.4,30.3,12.92,45,139,405,400,7.82,43,139,405,398,8.88,2026-08-16 20:07:37 UTC,C:/Users/Federico/Documents/evo-compress/tools/llamacpp-b10098/llama-bench.exe -m D:/evo-compress-data/gguf/Qwen2.5-7B-Instruct-Q4_K_M.gguf -ngl 0 -ub 128 -t 3 -ctk q8_0 -ctv f16 -b 2048 -mmp 0 -fa 0 -n 128 -p 0 -r 3 -o json
3cb77f3b84f4e06d,7B,1,AB_ub,19,2048,3,q8_0,0,0,,ok,12.734135,0.073856,"[12.7581, 12.6513, 12.793]",32.4,30.4,12.9,42,139,405,398,8.59,53,1873,4006,398,38.64,2026-08-16 20:08:40 UTC,C:/Users/Federico/Documents/evo-compress/tools/llamacpp-b10098/llama-bench.exe -m D:/evo-compress-data/gguf/Qwen2.5-7B-Instruct-Q4_K_M.gguf -ngl 19 -ub 2048 -t 3 -ctk q8_0 -ctv f16 -b 2048 -mmp 0 -fa 0 -n 128 -p 0 -r 3 -o json
0e90375ef01131d1,7B,1,AB_t,19,128,3,q8_0,0,0,,ok,12.770756,0.024486,"[12.7449, 12.7935, 12.7739]",32.3,30.4,12.9,47,139,405,398,8.59,57,1860,4006,398,38.66,2026-08-16 20:09:43 UTC,C:/Users/Federico/Documents/evo-compress/tools/llamacpp-b10098/llama-bench.exe -m D:/evo-compress-data/gguf/Qwen2.5-7B-Instruct-Q4_K_M.gguf -ngl 19 -ub 128 -t 3 -ctk q8_0 -ctv f16 -b 2048 -mmp 0 -fa 0 -n 128 -p 0 -r 3 -o json
553e343513a77ba1,7B,1,AB_ctk,19,128,3,q8_0,0,0,,ok,12.720297,0.017583,"[12.7026, 12.7204, 12.7378]",32.4,30.4,12.9,50,139,405,398,8.97,59,1860,4006,398,38.95,2026-08-16 20:10:46 UTC,C:/Users/Federico/Documents/evo-compress/tools/llamacpp-b10098/llama-bench.exe -m D:/evo-compress-data/gguf/Qwen2.5-7B-Instruct-Q4_K_M.gguf -ngl 19 -ub 128 -t 3 -ctk q8_0 -ctv f16 -b 2048 -mmp 0 -fa 0 -n 128 -p 0 -r 3 -o json
dd176084cbb49449,7B,2,A,19,2048,3,f16,0,0,,ok,12.572679,0.064406,"[12.5428, 12.5287, 12.6466]",32.8,30.4,12.89,52,139,405,399,8.77,61,1860,4006,401,39.12,2026-08-16 20:11:50 UTC,C:/Users/Federico/Documents/evo-compress/tools/llamacpp-b10098/llama-bench.exe -m D:/evo-compress-data/gguf/Qwen2.5-7B-Instruct-Q4_K_M.gguf -ngl 19 -ub 2048 -t 3 -ctk f16 -ctv f16 -b 2048 -mmp 0 -fa 0 -n 128 -p 0 -r 3 -o json
3a73900bb9d5a07e,7B,2,B,19,2048,1,f16,0,0,,ok,7.382328,0.011559,"[7.3695, 7.3857, 7.3918]",54.3,30.4,12.88,52,139,405,400,8.97,57,1657,4006,400,33.67,2026-08-16 20:13:15 UTC,C:/Users/Federico/Documents/evo-compress/tools/llamacpp-b10098/llama-bench.exe -m D:/evo-compress-data/gguf/Qwen2.5-7B-Instruct-Q4_K_M.gguf -ngl 19 -ub 2048 -t 1 -ctk f16 -ctv f16 -b 2048 -mmp 0 -fa 0 -n 128 -p 0 -r 3 -o json
e30702475c347139,7B,2,AB_ngl,19,2048,3,f16,0,0,,ok,12.569459,0.088888,"[12.4722, 12.5898, 12.6464]",32.8,30.4,12.88,51,139,405,400,8.97,60,1860,4006,400,39.14,2026-08-16 20:14:19 UTC,C:/Users/Federico/Documents/evo-compress/tools/llamacpp-b10098/llama-bench.exe -m D:/evo-compress-data/gguf/Qwen2.5-7B-Instruct-Q4_K_M.gguf -ngl 19 -ub 2048 -t 3 -ctk f16 -ctv f16 -b 2048 -mmp 0 -fa 0 -n 128 -p 0 -r 3 -o json
8987675d479f4651,7B,2,AB_ub,19,2048,3,f16,0,0,,ok,12.648754,0.055185,"[12.6501, 12.5929, 12.7032]",32.6,30.4,12.88,52,139,405,398,8.88,61,1860,4006,400,39.52,2026-08-16 20:15:22 UTC,C:/Users/Federico/Documents/evo-compress/tools/llamacpp-b10098/llama-bench.exe -m D:/evo-compress-data/gguf/Qwen2.5-7B-Instruct-Q4_K_M.gguf -ngl 19 -ub 2048 -t 3 -ctk f16 -ctv f16 -b 2048 -mmp 0 -fa 0 -n 128 -p 0 -r 3 -o json
ae419695d7de3233,7B,2,AB_t,19,2048,1,f16,0,0,,ok,7.350636,0.026755,"[7.3197, 7.3661, 7.366]",54.6,35.4,12.87,52,139,405,400,8.97,57,1657,4006,398,33.10,2026-08-16 20:16:52 UTC,C:/Users/Federico/Documents/evo-compress/tools/llamacpp-b10098/llama-bench.exe -m D:/evo-compress-data/gguf/Qwen2.5-7B-Instruct-Q4_K_M.gguf -ngl 19 -ub 2048 -t 1 -ctk f16 -ctv f16 -b 2048 -mmp 0 -fa 0 -n 128 -p 0 -r 3 -o json
32466252e5aaaf7c,7B,2,AB_ctk,19,2048,3,f16,0,0,,ok,12.582277,0.101715,"[12.5342, 12.5135, 12.6991]",32.8,30.4,12.88,51,139,405,400,8.97,60,1860,4006,400,39.14,2026-08-16 20:17:56 UTC,C:/Users/Federico/Documents/evo-compress/tools/llamacpp-b10098/llama-bench.exe -m D:/evo-compress-data/gguf/Qwen2.5-7B-Instruct-Q4_K_M.gguf -ngl 19 -ub 2048 -t 3 -ctk f16 -ctv f16 -b 2048 -mmp 0 -fa 0 -n 128 -p 0 -r 3 -o json
16ac8f43f6fe4381,7B,3,A,19,128,1,f16,0,0,,ok,7.325999,0.107441,"[7.3979, 7.3776, 7.2025]",54.7,30.3,12.85,52,139,405,400,9.26,56,1468,4006,398,30.50,2026-08-16 20:19:21 UTC,C:/Users/Federico/Documents/evo-compress/tools/llamacpp-b10098/llama-bench.exe -m D:/evo-compress-data/gguf/Qwen2.5-7B-Instruct-Q4_K_M.gguf -ngl 19 -ub 128 -t 1 -ctk f16 -ctv f16 -b 2048 -mmp 0 -fa 0 -n 128 -p 0 -r 3 -o json
80c61a27ac5ab3da,7B,3,B,0,128,2,f16,0,0,,ok,5.692406,0.024533,"[5.6674, 5.6934, 5.7164]",70.0,30.4,12.86,51,139,405,398,8.87,46,139,405,398,8.97,2026-08-16 20:21:02 UTC,C:/Users/Federico/Documents/evo-compress/tools/llamacpp-b10098/llama-bench.exe -m D:/evo-compress-data/gguf/Qwen2.5-7B-Instruct-Q4_K_M.gguf -ngl 0 -ub 128 -t 2 -ctk f16 -ctv f16 -b 2048 -mmp 0 -fa 0 -n 128 -p 0 -r 3 -o json
4bf72ea6fe1a7198,7B,3,AB_ngl,0,128,1,f16,0,0,,ok,3.135138,0.006903,"[3.1272, 3.1393, 3.1389]",125.2,30.3,12.86,45,139,405,400,8.11,41,139,405,398,8.88,2026-08-16 20:23:38 UTC,C:/Users/Federico/Documents/evo-compress/tools/llamacpp-b10098/llama-bench.exe -m D:/evo-compress-data/gguf/Qwen2.5-7B-Instruct-Q4_K_M.gguf -ngl 0 -ub 128 -t 1 -ctk f16 -ctv f16 -b 2048 -mmp 0 -fa 0 -n 128 -p 0 -r 3 -o json
a2e10daa7340e88c,7B,3,AB_ub,19,128,1,f16,0,0,,ok,7.349059,0.013244,"[7.3627, 7.3362, 7.3483]",54.5,30.3,12.86,40,139,405,398,8.49,48,1657,4006,399,32.33,2026-08-16 20:25:03 UTC,C:/Users/Federico/Documents/evo-compress/tools/llamacpp-b10098/llama-bench.exe -m D:/evo-compress-data/gguf/Qwen2.5-7B-Instruct-Q4_K_M.gguf -ngl 19 -ub 128 -t 1 -ctk f16 -ctv f16 -b 2048 -mmp 0 -fa 0 -n 128 -p 0 -r 3 -o json
abde0e8fecf7d445,7B,3,AB_t,19,128,2,f16,0,0,,ok,11.15437,0.080993,"[11.1614, 11.2316, 11.0701]",36.7,30.4,12.86,44,139,405,399,8.49,51,1657,4006,401,32.33,2026-08-16 20:26:11 UTC,C:/Users/Federico/Documents/evo-compress/tools/llamacpp-b10098/llama-bench.exe -m D:/evo-compress-data/gguf/Qwen2.5-7B-Instruct-Q4_K_M.gguf -ngl 19 -ub 128 -t 2 -ctk f16 -ctv f16 -b 2048 -mmp 0 -fa 0 -n 128 -p 0 -r 3 -o json
485d43f1dd55f36e,7B,3,AB_ctk,19,128,1,f16,0,0,,ok,7.275647,0.030764,"[7.2628, 7.2534, 7.3108]",55.1,30.3,12.83,46,139,405,401,7.91,51,1506,4006,398,30.61,2026-08-16 20:27:37 UTC,C:/Users/Federico/Documents/evo-compress/tools/llamacpp-b10098/llama-bench.exe -m D:/evo-compress-data/gguf/Qwen2.5-7B-Instruct-Q4_K_M.gguf -ngl 19 -ub 128 -t 1 -ctk f16 -ctv f16 -b 2048 -mmp 0 -fa 0 -n 128 -p 0 -r 3 -o json
193088c5004e71af,7B,4,A,0,1024,1,q8_0,0,0,,ok,3.148272,0.015796,"[3.1308, 3.1615, 3.1525]",124.6,30.4,12.82,47,139,405,398,8.49,42,139,405,398,8.69,2026-08-16 20:30:12 UTC,C:/Users/Federico/Documents/evo-compress/tools/llamacpp-b10098/llama-bench.exe -m D:/evo-compress-data/gguf/Qwen2.5-7B-Instruct-Q4_K_M.gguf -ngl 0 -ub 1024 -t 1 -ctk q8_0 -ctv f16 -b 2048 -mmp 0 -fa 0 -n 128 -p 0 -r 3 -o json
fe1e65ba1df982e7,7B,4,B,9,1024,2,f16,0,0,,ok,7.118361,0.153333,"[7.2942, 7.0484, 7.0125]",56.5,30.4,12.86,41,139,405,398,8.58,45,873,3802,398,25.53,2026-08-16 20:31:40 UTC,C:/Users/Federico/Documents/evo-compress/tools/llamacpp-b10098/llama-bench.exe -m D:/evo-compress-data/gguf/Qwen2.5-7B-Instruct-Q4_K_M.gguf -ngl 9 -ub 1024 -t 2 -ctk f16 -ctv f16 -b 2048 -mmp 0 -fa 0 -n 128 -p 0 -r 3 -o json
7179909d92a85ba9,7B,4,AB_ngl,9,1024,1,q8_0,0,0,,ok,4.484377,0.017437,"[4.4689, 4.481, 4.5032]",88.2,30.4,12.87,42,139,405,398,8.78,48,1506,4006,399,30.41,2026-08-16 20:33:39 UTC,C:/Users/Federico/Documents/evo-compress/tools/llamacpp-b10098/llama-bench.exe -m D:/evo-compress-data/gguf/Qwen2.5-7B-Instruct-Q4_K_M.gguf -ngl 9 -ub 1024 -t 1 -ctk q8_0 -ctv f16 -b 2048 -mmp 0 -fa 0 -n 128 -p 0 -r 3 -o json
12901e05b5e08631,7B,4,AB_ub,0,1024,1,q8_0,0,0,,ok,3.157413,0.006865,"[3.154, 3.1653, 3.1529]",124.4,30.3,12.85,46,139,405,401,8.59,41,139,405,398,8.78,2026-08-16 20:36:14 UTC,C:/Users/Federico/Documents/evo-compress/tools/llamacpp-b10098/llama-bench.exe -m D:/evo-compress-data/gguf/Qwen2.5-7B-Instruct-Q4_K_M.gguf -ngl 0 -ub 1024 -t 1 -ctk q8_0 -ctv f16 -b 2048 -mmp 0 -fa 0 -n 128 -p 0 -r 3 -o json
eaffc1ce7380a137,7B,4,AB_t,0,1024,2,q8_0,0,0,,ok,5.675417,0.019566,"[5.6581, 5.6715, 5.6967]",70.1,30.4,12.85,40,139,405,398,8.88,39,139,405,398,8.78,2026-08-16 20:37:55 UTC,C:/Users/Federico/Documents/evo-compress/tools/llamacpp-b10098/llama-bench.exe -m D:/evo-compress-data/gguf/Qwen2.5-7B-Instruct-Q4_K_M.gguf -ngl 0 -ub 1024 -t 2 -ctk q8_0 -ctv f16 -b 2048 -mmp 0 -fa 0 -n 128 -p 0 -r 3 -o json
8eab00510e761427,7B,4,AB_ctk,0,1024,1,f16,0,0,,ok,3.14136,0.013753,"[3.1255, 3.1482, 3.1504]",124.9,30.3,12.87,39,139,405,398,8.30,37,139,405,398,8.78,2026-08-16 20:40:30 UTC,C:/Users/Federico/Documents/evo-compress/tools/llamacpp-b10098/llama-bench.exe -m D:/evo-compress-data/gguf/Qwen2.5-7B-Instruct-Q4_K_M.gguf -ngl 0 -ub 1024 -t 1 -ctk f16 -ctv f16 -b 2048 -mmp 0 -fa 0 -n 128 -p 0 -r 3 -o json
0abdc8e627c4e5eb,7B,5,A,19,1024,3,q8_0,0,0,,ok,12.712942,0.080762,"[12.734, 12.7811, 12.6237]",32.5,30.4,12.87,37,139,405,398,8.20,48,1873,4006,398,37.32,2026-08-16 20:41:34 UTC,C:/Users/Federico/Documents/evo-compress/tools/llamacpp-b10098/llama-bench.exe -m D:/evo-compress-data/gguf/Qwen2.5-7B-Instruct-Q4_K_M.gguf -ngl 19 -ub 1024 -t 3 -ctk q8_0 -ctv f16 -b 2048 -mmp 0 -fa 0 -n 128 -p 0 -r 3 -o json
31609d81a0c648f4,7B,5,B,9,128,4,f16,0,0,,ok,8.337619,0.207705,"[8.5774, 8.2198, 8.2156]",48.5,30.4,12.86,42,139,405,398,8.49,45,873,3802,398,25.62,2026-08-16 20:42:53 UTC,C:/Users/Federico/Documents/evo-compress/tools/llamacpp-b10098/llama-bench.exe -m D:/evo-compress-data/gguf/Qwen2.5-7B-Instruct-Q4_K_M.gguf -ngl 9 -ub 128 -t 4 -ctk f16 -ctv f16 -b 2048 -mmp 0 -fa 0 -n 128 -p 0 -r 3 -o json
225a80ceff71287d,7B,5,AB_ngl,9,1024,3,q8_0,0,0,,ok,8.126784,0.237359,"[8.3996, 7.9678, 8.013]",49.7,30.4,12.87,42,139,405,398,8.59,45,873,3802,398,25.52,2026-08-16 20:44:14 UTC,C:/Users/Federico/Documents/evo-compress/tools/llamacpp-b10098/llama-bench.exe -m D:/evo-compress-data/gguf/Qwen2.5-7B-Instruct-Q4_K_M.gguf -ngl 9 -ub 1024 -t 3 -ctk q8_0 -ctv f16 -b 2048 -mmp 0 -fa 0 -n 128 -p 0 -r 3 -o json
2dc60b68635ced6a,7B,5,AB_ub,19,128,3,q8_0,0,0,,ok,12.717053,0.040649,"[12.731, 12.6713, 12.7489]",32.4,30.4,12.87,42,139,405,398,8.49,53,1873,4006,398,38.47,2026-08-16 20:45:17 UTC,C:/Users/Federico/Documents/evo-compress/tools/llamacpp-b10098/llama-bench.exe -m D:/evo-compress-data/gguf/Qwen2.5-7B-Instruct-Q4_K_M.gguf -ngl 19 -ub 128 -t 3 -ctk q8_0 -ctv f16 -b 2048 -mmp 0 -fa 0 -n 128 -p 0 -r 3 -o json
721c92c35230f10e,7B,5,AB_t,19,1024,4,q8_0,0,0,,ok,13.02428,0.067927,"[13.0734, 13.0526, 12.9468]",31.7,30.4,12.87,46,139,405,398,8.59,56,1873,4006,398,38.95,2026-08-16 20:46:19 UTC,C:/Users/Federico/Documents/evo-compress/tools/llamacpp-b10098/llama-bench.exe -m D:/evo-compress-data/gguf/Qwen2.5-7B-Instruct-Q4_K_M.gguf -ngl 19 -ub 1024 -t 4 -ctk q8_0 -ctv f16 -b 2048 -mmp 0 -fa 0 -n 128 -p 0 -r 3 -o json
bb449a293334f579,7B,5,AB_ctk,19,1024,3,f16,0,0,,ok,12.640946,0.06098,"[12.6639, 12.5718, 12.6871]",32.6,30.4,12.86,49,139,405,398,8.68,58,1860,4006,398,38.85,2026-08-16 20:47:23 UTC,C:/Users/Federico/Documents/evo-compress/tools/llamacpp-b10098/llama-bench.exe -m D:/evo-compress-data/gguf/Qwen2.5-7B-Instruct-Q4_K_M.gguf -ngl 19 -ub 1024 -t 3 -ctk f16 -ctv f16 -b 2048 -mmp 0 -fa 0 -n 128 -p 0 -r 3 -o json
4d40cebb4b5bb929,7B,6,A,19,128,1,f16,0,0,,ok,7.414201,0.10292,"[7.4476, 7.4963, 7.2987]",54.1,30.4,12.87,51,139,405,398,8.78,56,1556,4006,398,31.38,2026-08-16 20:48:47 UTC,C:/Users/Federico/Documents/evo-compress/tools/llamacpp-b10098/llama-bench.exe -m D:/evo-compress-data/gguf/Qwen2.5-7B-Instruct-Q4_K_M.gguf -ngl 19 -ub 128 -t 1 -ctk f16 -ctv f16 -b 2048 -mmp 0 -fa 0 -n 128 -p 0 -r 3 -o json
6eb528f3275d6951,7B,6,B,0,1024,1,q8_0,0,0,,ok,3.150891,0.006498,"[3.1436, 3.1531, 3.156]",124.6,30.4,12.87,51,139,405,398,8.68,44,139,405,398,9.07,2026-08-16 20:51:23 UTC,C:/Users/Federico/Documents/evo-compress/tools/llamacpp-b10098/llama-bench.exe -m D:/evo-compress-data/gguf/Qwen2.5-7B-Instruct-Q4_K_M.gguf -ngl 0 -ub 1024 -t 1 -ctk q8_0 -ctv f16 -b 2048 -mmp 0 -fa 0 -n 128 -p 0 -r 3 -o json
0eb8325aca99cf37,7B,6,AB_ngl,0,128,1,f16,0,0,,ok,3.145197,0.012426,"[3.132, 3.1567, 3.1469]",124.8,30.4,12.94,42,139,405,398,8.30,39,139,405,398,8.97,2026-08-16 20:53:58 UTC,C:/Users/Federico/Documents/evo-compress/tools/llamacpp-b10098/llama-bench.exe -m D:/evo-compress-data/gguf/Qwen2.5-7B-Instruct-Q4_K_M.gguf -ngl 0 -ub 128 -t 1 -ctk f16 -ctv f16 -b 2048 -mmp 0 -fa 0 -n 128 -p 0 -r 3 -o json
9786b587417a89a0,7B,6,AB_ub,19,1024,1,f16,0,0,,ok,7.294134,0.019734,"[7.301, 7.3095, 7.2719]",55.0,30.4,12.91,39,139,405,398,8.20,46,1506,4006,398,30.03,2026-08-16 20:55:24 UTC,C:/Users/Federico/Documents/evo-compress/tools/llamacpp-b10098/llama-bench.exe -m D:/evo-compress-data/gguf/Qwen2.5-7B-Instruct-Q4_K_M.gguf -ngl 19 -ub 1024 -t 1 -ctk f16 -ctv f16 -b 2048 -mmp 0 -fa 0 -n 128 -p 0 -r 3 -o json
ad276b9f8fe823df,7B,6,AB_t,19,128,1,f16,0,0,,ok,7.328942,0.051144,"[7.3696, 7.3457, 7.2715]",54.7,30.4,12.91,43,139,405,398,8.78,49,1468,4006,400,29.94,2026-08-16 20:56:50 UTC,C:/Users/Federico/Documents/evo-compress/tools/llamacpp-b10098/llama-bench.exe -m D:/evo-compress-data/gguf/Qwen2.5-7B-Instruct-Q4_K_M.gguf -ngl 19 -ub 128 -t 1 -ctk f16 -ctv f16 -b 2048 -mmp 0 -fa 0 -n 128 -p 0 -r 3 -o json
179aeebb886061db,7B,6,AB_ctk,19,128,1,q8_0,0,0,,ok,7.326081,0.081705,"[7.4122, 7.3164, 7.2497]",54.7,30.4,12.89,45,139,405,400,8.01,51,1404,4006,398,29.55,2026-08-16 20:58:15 UTC,C:/Users/Federico/Documents/evo-compress/tools/llamacpp-b10098/llama-bench.exe -m D:/evo-compress-data/gguf/Qwen2.5-7B-Instruct-Q4_K_M.gguf -ngl 19 -ub 128 -t 1 -ctk q8_0 -ctv f16 -b 2048 -mmp 0 -fa 0 -n 128 -p 0 -r 3 -o json
52ddfbb726d348d3,7B,7,A,99,512,4,q8_0,0,0,,ok,22.336888,0.140606,"[22.4399, 22.3941, 22.1767]",19.3,30.4,12.91,47,139,405,398,8.78,61,1860,4006,401,39.51,2026-08-16 20:59:05 UTC,C:/Users/Federico/Documents/evo-compress/tools/llamacpp-b10098/llama-bench.exe -m D:/evo-compress-data/gguf/Qwen2.5-7B-Instruct-Q4_K_M.gguf -ngl 99 -ub 512 -t 4 -ctk q8_0 -ctv f16 -b 2048 -mmp 0 -fa 0 -n 128 -p 0 -r 3 -o json
36a656861f215038,7B,7,B,19,512,1,f16,0,0,,ok,7.35965,0.018412,"[7.3384, 7.3716, 7.369]",54.5,30.4,12.89,51,139,405,398,8.78,56,1657,4006,400,33.30,2026-08-16 21:00:30 UTC,C:/Users/Federico/Documents/evo-compress/tools/llamacpp-b10098/llama-bench.exe -m D:/evo-compress-data/gguf/Qwen2.5-7B-Instruct-Q4_K_M.gguf -ngl 19 -ub 512 -t 1 -ctk f16 -ctv f16 -b 2048 -mmp 0 -fa 0 -n 128 -p 0 -r 3 -o json
44aba73db4577a76,7B,7,AB_ngl,19,512,4,q8_0,0,0,,ok,13.021591,0.092068,"[12.9156, 13.067, 13.0822]",31.8,30.3,12.89,50,139,405,400,8.68,60,1860,4006,398,39.04,2026-08-16 21:01:33 UTC,C:/Users/Federico/Documents/evo-compress/tools/llamacpp-b10098/llama-bench.exe -m D:/evo-compress-data/gguf/Qwen2.5-7B-Instruct-Q4_K_M.gguf -ngl 19 -ub 512 -t 4 -ctk q8_0 -ctv f16 -b 2048 -mmp 0 -fa 0 -n 128 -p 0 -r 3 -o json
32bdf0c820ff686c,7B,7,AB_ub,99,512,4,q8_0,0,0,,ok,22.291034,0.107891,"[22.3847, 22.1731, 22.3153]",19.3,30.4,12.91,52,139,405,398,8.88,65,1847,4006,398,40.39,2026-08-16 21:02:23 UTC,C:/Users/Federico/Documents/evo-compress/tools/llamacpp-b10098/llama-bench.exe -m D:/evo-compress-data/gguf/Qwen2.5-7B-Instruct-Q4_K_M.gguf -ngl 99 -ub 512 -t 4 -ctk q8_0 -ctv f16 -b 2048 -mmp 0 -fa 0 -n 128 -p 0 -r 3 -o json
d95f2ee5633793a2,7B,7,AB_t,99,512,1,q8_0,0,0,,ok,22.359822,0.0443,"[22.4081, 22.3505, 22.3209]",19.3,35.4,12.89,52,139,405,398,8.97,65,1809,4006,398,38.56,2026-08-16 21:03:18 UTC,C:/Users/Federico/Documents/evo-compress/tools/llamacpp-b10098/llama-bench.exe -m D:/evo-compress-data/gguf/Qwen2.5-7B-Instruct-Q4_K_M.gguf -ngl 99 -ub 512 -t 1 -ctk q8_0 -ctv f16 -b 2048 -mmp 0 -fa 0 -n 128 -p 0 -r 3 -o json
8228c1047f0ef073,7B,7,AB_ctk,99,512,4,f16,0,0,,ok,22.157255,0.047653,"[22.1134, 22.2079, 22.1505]",19.5,40.5,12.86,52,139,405,399,8.78,65,1822,4006,398,39.23,2026-08-16 21:04:18 UTC,C:/Users/Federico/Documents/evo-compress/tools/llamacpp-b10098/llama-bench.exe -m D:/evo-compress-data/gguf/Qwen2.5-7B-Instruct-Q4_K_M.gguf -ngl 99 -ub 512 -t 4 -ctk f16 -ctv f16 -b 2048 -mmp 0 -fa 0 -n 128 -p 0 -r 3 -o json
a7da41ad0806166d,7B,8,A,99,512,3,f16,0,0,,ok,22.141838,0.122592,"[22.2257, 22.1987, 22.0011]",19.5,30.4,12.86,52,139,405,398,8.88,65,1847,4006,398,40.58,2026-08-16 21:05:09 UTC,C:/Users/Federico/Documents/evo-compress/tools/llamacpp-b10098/llama-bench.exe -m D:/evo-compress-data/gguf/Qwen2.5-7B-Instruct-Q4_K_M.gguf -ngl 99 -ub 512 -t 3 -ctk f16 -ctv f16 -b 2048 -mmp 0 -fa 0 -n 128 -p 0 -r 3 -o json
b37ec901c56b11cc,7B,8,B,0,1024,4,f16,0,0,,ok,6.821971,0.027835,"[6.8065, 6.8541, 6.8053]",58.9,40.5,12.93,52,139,405,399,9.16,47,139,405,398,8.97,2026-08-16 21:06:48 UTC,C:/Users/Federico/Documents/evo-compress/tools/llamacpp-b10098/llama-bench.exe -m D:/evo-compress-data/gguf/Qwen2.5-7B-Instruct-Q4_K_M.gguf -ngl 0 -ub 1024 -t 4 -ctk f16 -ctv f16 -b 2048 -mmp 0 -fa 0 -n 128 -p 0 -r 3 -o json
2894dfbaba572be9,7B,8,AB_ngl,0,512,3,f16,0,0,,ok,6.64218,0.02181,"[6.6293, 6.6299, 6.6674]",60.3,30.4,12.9,45,139,405,398,8.68,43,139,405,398,8.97,2026-08-16 21:08:19 UTC,C:/Users/Federico/Documents/evo-compress/tools/llamacpp-b10098/llama-bench.exe -m D:/evo-compress-data/gguf/Qwen2.5-7B-Instruct-Q4_K_M.gguf -ngl 0 -ub 512 -t 3 -ctk f16 -ctv f16 -b 2048 -mmp 0 -fa 0 -n 128 -p 0 -r 3 -o json
67f2286ff7b10b39,7B,8,AB_ub,99,1024,3,f16,0,0,,ok,22.370415,0.024445,"[22.386, 22.383, 22.3422]",19.3,30.4,12.92,42,139,405,398,8.30,56,1873,4006,398,39.24,2026-08-16 21:09:10 UTC,C:/Users/Federico/Documents/evo-compress/tools/llamacpp-b10098/llama-bench.exe -m D:/evo-compress-data/gguf/Qwen2.5-7B-Instruct-Q4_K_M.gguf -ngl 99 -ub 1024 -t 3 -ctk f16 -ctv f16 -b 2048 -mmp 0 -fa 0 -n 128 -p 0 -r 3 -o json
9a22d88bca8555f6,7B,8,AB_t,99,512,4,f16,0,0,,ok,22.290819,0.044665,"[22.3337, 22.2942, 22.2446]",19.4,30.4,12.89,47,139,405,398,8.59,61,1847,4006,398,38.95,2026-08-16 21:10:00 UTC,C:/Users/Federico/Documents/evo-compress/tools/llamacpp-b10098/llama-bench.exe -m D:/evo-compress-data/gguf/Qwen2.5-7B-Instruct-Q4_K_M.gguf -ngl 99 -ub 512 -t 4 -ctk f16 -ctv f16 -b 2048 -mmp 0 -fa 0 -n 128 -p 0 -r 3 -o json
fb18cd2101069acc,7B,8,AB_ctk,99,512,3,f16,0,0,,ok,22.222891,0.027803,"[22.2381, 22.2397, 22.1908]",19.4,30.4,12.9,50,139,405,398,8.68,63,1847,4006,398,39.79,2026-08-16 21:10:50 UTC,C:/Users/Federico/Documents/evo-compress/tools/llamacpp-b10098/llama-bench.exe -m D:/evo-compress-data/gguf/Qwen2.5-7B-Instruct-Q4_K_M.gguf -ngl 99 -ub 512 -t 3 -ctk f16 -ctv f16 -b 2048 -mmp 0 -fa 0 -n 128 -p 0 -r 3 -o json
36483d0c1020fa0a,7B,9,A,0,1024,3,q8_0,0,0,,ok,6.606973,0.038134,"[6.5694, 6.6058, 6.6457]",60.6,35.4,12.88,52,139,405,399,9.07,47,139,405,399,8.97,2026-08-16 21:12:26 UTC,C:/Users/Federico/Documents/evo-compress/tools/llamacpp-b10098/llama-bench.exe -m D:/evo-compress-data/gguf/Qwen2.5-7B-Instruct-Q4_K_M.gguf -ngl 0 -ub 1024 -t 3 -ctk q8_0 -ctv f16 -b 2048 -mmp 0 -fa 0 -n 128 -p 0 -r 3 -o json
876492d4ad7b410c,7B,9,B,19,1024,2,q8_0,0,0,,ok,11.288562,0.040499,"[11.3108, 11.3131, 11.2418]",36.3,30.3,12.93,45,139,405,399,8.68,52,1657,4006,401,32.71,2026-08-16 21:13:33 UTC,C:/Users/Federico/Documents/evo-compress/tools/llamacpp-b10098/llama-bench.exe -m D:/evo-compress-data/gguf/Qwen2.5-7B-Instruct-Q4_K_M.gguf -ngl 19 -ub 1024 -t 2 -ctk q8_0 -ctv f16 -b 2048 -mmp 0 -fa 0 -n 128 -p 0 -r 3 -o json
fc5b2367c750b981,7B,9,AB_ngl,19,1024,3,q8_0,0,0,,ok,12.713558,0.100006,"[12.5982, 12.7659, 12.7765]",32.4,30.4,12.93,47,139,405,401,7.91,58,1873,4006,401,39.24,2026-08-16 21:14:37 UTC,C:/Users/Federico/Documents/evo-compress/tools/llamacpp-b10098/llama-bench.exe -m D:/evo-compress-data/gguf/Qwen2.5-7B-Instruct-Q4_K_M.gguf -ngl 19 -ub 1024 -t 3 -ctk q8_0 -ctv f16 -b 2048 -mmp 0 -fa 0 -n 128 -p 0 -r 3 -o json
95f17a53fdb37aa3,7B,9,AB_ub,0,1024,3,q8_0,0,0,,ok,6.678511,0.022585,"[6.6777, 6.7015, 6.6563]",59.9,30.4,12.93,50,139,405,401,8.20,47,139,405,400,8.88,2026-08-16 21:16:07 UTC,C:/Users/Federico/Documents/evo-compress/tools/llamacpp-b10098/llama-bench.exe -m D:/evo-compress-data/gguf/Qwen2.5-7B-Instruct-Q4_K_M.gguf -ngl 0 -ub 1024 -t 3 -ctk q8_0 -ctv f16 -b 2048 -mmp 0 -fa 0 -n 128 -p 0 -r 3 -o json
4f9d3262b312ee92,7B,9,AB_t,0,1024,2,q8_0,0,0,,ok,5.711021,0.030154,"[5.7049, 5.7438, 5.6844]",69.8,30.4,12.93,45,139,405,400,8.49,42,139,405,400,8.97,2026-08-16 21:17:48 UTC,C:/Users/Federico/Documents/evo-compress/tools/llamacpp-b10098/llama-bench.exe -m D:/evo-compress-data/gguf/Qwen2.5-7B-Instruct-Q4_K_M.gguf -ngl 0 -ub 1024 -t 2 -ctk q8_0 -ctv f16 -b 2048 -mmp 0 -fa 0 -n 128 -p 0 -r 3 -o json
bd7a53e827f422da,7B,9,AB_ctk,0,1024,3,q8_0,0,0,,ok,6.65948,0.019482,"[6.6572, 6.68, 6.6412]",60.1,30.4,12.92,41,139,405,400,8.49,41,139,405,400,8.69,2026-08-16 21:19:19 UTC,C:/Users/Federico/Documents/evo-compress/tools/llamacpp-b10098/llama-bench.exe -m D:/evo-compress-data/gguf/Qwen2.5-7B-Instruct-Q4_K_M.gguf -ngl 0 -ub 1024 -t 3 -ctk q8_0 -ctv f16 -b 2048 -mmp 0 -fa 0 -n 128 -p 0 -r 3 -o json
6c4f1324080332c7,7B,10,A,19,1024,2,f16,0,0,,ok,11.349488,0.066013,"[11.2733, 11.3872, 11.388]",36.1,30.4,12.94,40,139,405,400,8.40,48,1733,4006,398,33.48,2026-08-16 21:20:26 UTC,C:/Users/Federico/Documents/evo-compress/tools/llamacpp-b10098/llama-bench.exe -m D:/evo-compress-data/gguf/Qwen2.5-7B-Instruct-Q4_K_M.gguf -ngl 19 -ub 1024 -t 2 -ctk f16 -ctv f16 -b 2048 -mmp 0 -fa 0 -n 128 -p 0 -r 3 -o json
ce415bd8e0f9a643,7B,10,B,0,1024,4,f16,0,0,,ok,6.851156,0.024216,"[6.8368, 6.8375, 6.8791]",58.5,30.4,12.96,44,139,405,398,8.68,42,139,405,398,8.78,2026-08-16 21:21:55 UTC,C:/Users/Federico/Documents/evo-compress/tools/llamacpp-b10098/llama-bench.exe -m D:/evo-compress-data/gguf/Qwen2.5-7B-Instruct-Q4_K_M.gguf -ngl 0 -ub 1024 -t 4 -ctk f16 -ctv f16 -b 2048 -mmp 0 -fa 0 -n 128 -p 0 -r 3 -o json
c18578870ac209a0,7B,10,AB_ngl,0,1024,2,f16,0,0,,ok,5.70254,0.014903,"[5.6965, 5.6916, 5.7195]",69.8,30.4,12.95,41,139,405,398,8.30,40,139,405,398,8.97,2026-08-16 21:23:36 UTC,C:/Users/Federico/Documents/evo-compress/tools/llamacpp-b10098/llama-bench.exe -m D:/evo-compress-data/gguf/Qwen2.5-7B-Instruct-Q4_K_M.gguf -ngl 0 -ub 1024 -t 2 -ctk f16 -ctv f16 -b 2048 -mmp 0 -fa 0 -n 128 -p 0 -r 3 -o json
7ee906a723814515,7B,10,AB_ub,19,1024,2,f16,0,0,,ok,11.220669,0.013781,"[11.205, 11.2308, 11.2262]",36.5,30.3,12.93,39,139,405,398,8.59,47,1657,4006,400,31.85,2026-08-16 21:24:43 UTC,C:/Users/Federico/Documents/evo-compress/tools/llamacpp-b10098/llama-bench.exe -m D:/evo-compress-data/gguf/Qwen2.5-7B-Instruct-Q4_K_M.gguf -ngl 19 -ub 1024 -t 2 -ctk f16 -ctv f16 -b 2048 -mmp 0 -fa 0 -n 128 -p 0 -r 3 -o json
f539276a68ba355f,7B,10,AB_t,19,1024,4,f16,0,0,,ok,12.983714,0.071115,"[13.0182, 13.031, 12.9019]",31.8,30.4,12.93,43,139,405,400,8.68,53,1873,4006,400,38.84,2026-08-16 21:25:45 UTC,C:/Users/Federico/Documents/evo-compress/tools/llamacpp-b10098/llama-bench.exe -m D:/evo-compress-data/gguf/Qwen2.5-7B-Instruct-Q4_K_M.gguf -ngl 19 -ub 1024 -t 4 -ctk f16 -ctv f16 -b 2048 -mmp 0 -fa 0 -n 128 -p 0 -r 3 -o json
b75050d6eb870c43,7B,10,AB_ctk,19,1024,2,f16,0,0,,ok,11.196772,0.062036,"[11.1252, 11.2352, 11.2299]",36.5,30.4,12.93,47,139,405,400,8.49,53,1657,4006,400,33.10,2026-08-16 21:26:53 UTC,C:/Users/Federico/Documents/evo-compress/tools/llamacpp-b10098/llama-bench.exe -m D:/evo-compress-data/gguf/Qwen2.5-7B-Instruct-Q4_K_M.gguf -ngl 19 -ub 1024 -t 2 -ctk f16 -ctv f16 -b 2048 -mmp 0 -fa 0 -n 128 -p 0 -r 3 -o json
67afff3607981105,7B,11,A,9,512,1,f16,0,0,,ok,4.470678,0.019357,"[4.4569, 4.4623, 4.4928]",88.5,30.4,12.93,48,139,405,400,8.68,52,1506,4006,400,30.60,2026-08-16 21:28:52 UTC,C:/Users/Federico/Documents/evo-compress/tools/llamacpp-b10098/llama-bench.exe -m D:/evo-compress-data/gguf/Qwen2.5-7B-Instruct-Q4_K_M.gguf -ngl 9 -ub 512 -t 1 -ctk f16 -ctv f16 -b 2048 -mmp 0 -fa 0 -n 128 -p 0 -r 3 -o json
f22b9d16ecba1ec5,7B,11,B,0,512,1,f16,0,0,,ok,3.146128,0.014645,"[3.1294, 3.1568, 3.1522]",124.7,30.4,12.93,49,139,405,400,8.68,42,139,405,398,8.88,2026-08-16 21:31:28 UTC,C:/Users/Federico/Documents/evo-compress/tools/llamacpp-b10098/llama-bench.exe -m D:/evo-compress-data/gguf/Qwen2.5-7B-Instruct-Q4_K_M.gguf -ngl 0 -ub 512 -t 1 -ctk f16 -ctv f16 -b 2048 -mmp 0 -fa 0 -n 128 -p 0 -r 3 -o json
29c075fc5bc00b6f,7B,11,AB_ngl,0,512,1,f16,0,0,,ok,3.149382,0.011741,"[3.1358, 3.1558, 3.1565]",124.6,30.4,12.91,41,139,405,398,8.58,38,139,405,398,8.68,2026-08-16 21:34:03 UTC,C:/Users/Federico/Documents/evo-compress/tools/llamacpp-b10098/llama-bench.exe -m D:/evo-compress-data/gguf/Qwen2.5-7B-Instruct-Q4_K_M.gguf -ngl 0 -ub 512 -t 1 -ctk f16 -ctv f16 -b 2048 -mmp 0 -fa 0 -n 128 -p 0 -r 3 -o json
009d2f9e79dfaf03,7B,11,AB_ub,9,512,1,f16,0,0,,ok,4.490857,0.003524,"[4.4878, 4.4901, 4.4947]",88.2,30.4,12.93,38,139,405,398,8.49,45,1506,4006,398,29.93,2026-08-16 21:36:02 UTC,C:/Users/Federico/Documents/evo-compress/tools/llamacpp-b10098/llama-bench.exe -m D:/evo-compress-data/gguf/Qwen2.5-7B-Instruct-Q4_K_M.gguf -ngl 9 -ub 512 -t 1 -ctk f16 -ctv f16 -b 2048 -mmp 0 -fa 0 -n 128 -p 0 -r 3 -o json
be4da8814333a2fa,7B,11,AB_t,9,512,1,f16,0,0,,ok,4.493208,0.012634,"[4.4787, 4.4992, 4.5018]",88.0,30.4,12.94,43,139,405,398,8.68,48,1506,4006,398,30.12,2026-08-16 21:38:01 UTC,C:/Users/Federico/Documents/evo-compress/tools/llamacpp-b10098/llama-bench.exe -m D:/evo-compress-data/gguf/Qwen2.5-7B-Instruct-Q4_K_M.gguf -ngl 9 -ub 512 -t 1 -ctk f16 -ctv f16 -b 2048 -mmp 0 -fa 0 -n 128 -p 0 -r 3 -o json
8f3a0164b4e1ea89,7B,11,AB_ctk,9,512,1,f16,0,0,,ok,4.457871,0.025828,"[4.4339, 4.4545, 4.4852]",88.7,30.4,12.92,45,139,405,398,8.68,50,1506,4006,398,30.41,2026-08-16 21:40:00 UTC,C:/Users/Federico/Documents/evo-compress/tools/llamacpp-b10098/llama-bench.exe -m D:/evo-compress-data/gguf/Qwen2.5-7B-Instruct-Q4_K_M.gguf -ngl 9 -ub 512 -t 1 -ctk f16 -ctv f16 -b 2048 -mmp 0 -fa 0 -n 128 -p 0 -r 3 -o json
531fb2d017426f38,7B,12,A,99,2048,3,q8_0,0,0,,ok,22.431912,0.041464,"[22.4751, 22.4282, 22.3924]",19.2,30.4,12.92,47,139,405,398,8.49,61,1847,4006,398,39.43,2026-08-16 21:40:50 UTC,C:/Users/Federico/Documents/evo-compress/tools/llamacpp-b10098/llama-bench.exe -m D:/evo-compress-data/gguf/Qwen2.5-7B-Instruct-Q4_K_M.gguf -ngl 99 -ub 2048 -t 3 -ctk q8_0 -ctv f16 -b 2048 -mmp 0 -fa 0 -n 128 -p 0 -r 3 -o json
8f88d7b8837b3cb6,7B,12,B,0,128,3,q8_0,0,0,,ok,6.650426,0.042836,"[6.6414, 6.6128, 6.6971]",60.3,30.4,12.91,52,139,405,398,8.88,47,139,405,400,8.78,2026-08-16 21:42:21 UTC,C:/Users/Federico/Documents/evo-compress/tools/llamacpp-b10098/llama-bench.exe -m D:/evo-compress-data/gguf/Qwen2.5-7B-Instruct-Q4_K_M.gguf -ngl 0 -ub 128 -t 3 -ctk q8_0 -ctv f16 -b 2048 -mmp 0 -fa 0 -n 128 -p 0 -r 3 -o json
0525d832ba117497,7B,12,AB_ngl,0,2048,3,q8_0,0,0,,ok,6.648299,0.022045,"[6.6344, 6.6368, 6.6737]",60.3,30.4,12.93,45,139,405,400,8.11,43,139,405,400,8.59,2026-08-16 21:43:52 UTC,C:/Users/Federico/Documents/evo-compress/tools/llamacpp-b10098/llama-bench.exe -m D:/evo-compress-data/gguf/Qwen2.5-7B-Instruct-Q4_K_M.gguf -ngl 0 -ub 2048 -t 3 -ctk q8_0 -ctv f16 -b 2048 -mmp 0 -fa 0 -n 128 -p 0 -r 3 -o json
dfe5743064b64f73,7B,12,AB_ub,99,128,3,q8_0,0,0,,ok,22.402972,0.03612,"[22.4447, 22.3816, 22.3827]",19.3,30.3,12.94,42,139,405,400,8.49,57,1860,4006,400,38.66,2026-08-16 21:44:43 UTC,C:/Users/Federico/Documents/evo-compress/tools/llamacpp-b10098/llama-bench.exe -m D:/evo-compress-data/gguf/Qwen2.5-7B-Instruct-Q4_K_M.gguf -ngl 99 -ub 128 -t 3 -ctk q8_0 -ctv f16 -b 2048 -mmp 0 -fa 0 -n 128 -p 0 -r 3 -o json
cdb0d030aee4e4de,7B,12,AB_t,99,2048,3,q8_0,0,0,,ok,22.318845,0.06459,"[22.3768, 22.3305, 22.2492]",19.3,30.4,12.93,47,139,405,400,8.49,61,1847,4006,400,39.14,2026-08-16 21:45:33 UTC,C:/Users/Federico/Documents/evo-compress/tools/llamacpp-b10098/llama-bench.exe -m D:/evo-compress-data/gguf/Qwen2.5-7B-Instruct-Q4_K_M.gguf -ngl 99 -ub 2048 -t 3 -ctk q8_0 -ctv f16 -b 2048 -mmp 0 -fa 0 -n 128 -p 0 -r 3 -o json
4d4c18e835baa237,7B,12,AB_ctk,99,2048,3,q8_0,0,0,,ok,22.267715,0.026425,"[22.2923, 22.271, 22.2398]",19.4,30.4,12.93,50,139,405,400,8.88,64,1847,4006,400,40.00,2026-08-16 21:46:23 UTC,C:/Users/Federico/Documents/evo-compress/tools/llamacpp-b10098/llama-bench.exe -m D:/evo-compress-data/gguf/Qwen2.5-7B-Instruct-Q4_K_M.gguf -ngl 99 -ub 2048 -t 3 -ctk q8_0 -ctv f16 -b 2048 -mmp 0 -fa 0 -n 128 -p 0 -r 3 -o json
dbf85256c43399c1,7B,13,A,19,512,4,f16,0,0,,ok,13.00981,0.022371,"[12.9908, 13.0345, 13.0042]",31.8,35.4,12.93,52,139,405,400,9.07,61,1847,4006,400,39.04,2026-08-16 21:47:30 UTC,C:/Users/Federico/Documents/evo-compress/tools/llamacpp-b10098/llama-bench.exe -m D:/evo-compress-data/gguf/Qwen2.5-7B-Instruct-Q4_K_M.gguf -ngl 19 -ub 512 -t 4 -ctk f16 -ctv f16 -b 2048 -mmp 0 -fa 0 -n 128 -p 0 -r 3 -o json
c28db25c7a1b4513,7B,13,B,19,512,3,f16,0,0,,ok,12.666346,0.070842,"[12.7004, 12.5849, 12.7138]",32.6,30.4,12.92,52,139,405,400,8.88,61,1847,4006,400,38.95,2026-08-16 21:48:34 UTC,C:/Users/Federico/Documents/evo-compress/tools/llamacpp-b10098/llama-bench.exe -m D:/evo-compress-data/gguf/Qwen2.5-7B-Instruct-Q4_K_M.gguf -ngl 19 -ub 512 -t 3 -ctk f16 -ctv f16 -b 2048 -mmp 0 -fa 0 -n 128 -p 0 -r 3 -o json
2965d1cf478231b0,7B,13,AB_ngl,19,512,4,f16,0,0,,ok,13.010671,0.022304,"[12.9851, 13.026, 13.0209]",31.8,35.4,12.93,52,139,405,400,8.78,61,1847,4006,400,38.95,2026-08-16 21:49:41 UTC,C:/Users/Federico/Documents/evo-compress/tools/llamacpp-b10098/llama-bench.exe -m D:/evo-compress-data/gguf/Qwen2.5-7B-Instruct-Q4_K_M.gguf -ngl 19 -ub 512 -t 4 -ctk f16 -ctv f16 -b 2048 -mmp 0 -fa 0 -n 128 -p 0 -r 3 -o json
42dd36ad137d7245,7B,13,AB_ub,19,512,4,f16,0,0,,ok,12.947522,0.13401,"[13.0211, 13.0286, 12.7928]",31.9,35.4,12.92,52,139,405,400,8.88,61,1847,4006,400,38.85,2026-08-16 21:50:49 UTC,C:/Users/Federico/Documents/evo-compress/tools/llamacpp-b10098/llama-bench.exe -m D:/evo-compress-data/gguf/Qwen2.5-7B-Instruct-Q4_K_M.gguf -ngl 19 -ub 512 -t 4 -ctk f16 -ctv f16 -b 2048 -mmp 0 -fa 0 -n 128 -p 0 -r 3 -o json
15ef34f49732bd9b,7B,13,AB_t,19,512,3,f16,0,0,,ok,12.666941,0.090331,"[12.5637, 12.7312, 12.7059]",32.6,35.4,12.93,52,139,405,400,9.07,61,1847,4006,400,38.95,2026-08-16 21:51:57 UTC,C:/Users/Federico/Documents/evo-compress/tools/llamacpp-b10098/llama-bench.exe -m D:/evo-compress-data/gguf/Qwen2.5-7B-Instruct-Q4_K_M.gguf -ngl 19 -ub 512 -t 3 -ctk f16 -ctv f16 -b 2048 -mmp 0 -fa 0 -n 128 -p 0 -r 3 -o json
06a1554e06e4322e,7B,13,AB_ctk,19,512,4,f16,0,0,,ok,13.031234,0.013053,"[13.0285, 13.0455, 13.0198]",31.7,35.4,12.93,52,139,405,400,8.88,61,1847,4006,400,38.95,2026-08-16 21:53:05 UTC,C:/Users/Federico/Documents/evo-compress/tools/llamacpp-b10098/llama-bench.exe -m D:/evo-compress-data/gguf/Qwen2.5-7B-Instruct-Q4_K_M.gguf -ngl 19 -ub 512 -t 4 -ctk f16 -ctv f16 -b 2048 -mmp 0 -fa 0 -n 128 -p 0 -r 3 -o json
012e452b34824436,7B,14,A,19,2048,3,f16,0,0,,ok,12.594167,0.080876,"[12.6802, 12.5827, 12.5196]",32.8,30.4,12.93,52,139,405,400,8.78,61,1847,4006,400,39.04,2026-08-16 21:54:08 UTC,C:/Users/Federico/Documents/evo-compress/tools/llamacpp-b10098/llama-bench.exe -m D:/evo-compress-data/gguf/Qwen2.5-7B-Instruct-Q4_K_M.gguf -ngl 19 -ub 2048 -t 3 -ctk f16 -ctv f16 -b 2048 -mmp 0 -fa 0 -n 128 -p 0 -r 3 -o json
030807ee7291d018,7B,14,B,9,512,2,f16,0,0,,ok,7.078218,0.086158,"[7.1763, 7.0437, 7.0146]",56.7,35.4,12.91,52,139,405,400,9.07,52,885,3802,400,26.01,2026-08-16 21:55:41 UTC,C:/Users/Federico/Documents/evo-compress/tools/llamacpp-b10098/llama-bench.exe -m D:/evo-compress-data/gguf/Qwen2.5-7B-Instruct-Q4_K_M.gguf -ngl 9 -ub 512 -t 2 -ctk f16 -ctv f16 -b 2048 -mmp 0 -fa 0 -n 128 -p 0 -r 3 -o json
c0d16203c489a079,7B,14,AB_ngl,9,2048,3,f16,0,0,,ok,8.077102,0.109357,"[8.2034, 8.0141, 8.0139]",50.0,30.4,12.92,49,139,405,400,8.78,50,898,3802,398,25.91,2026-08-16 21:57:02 UTC,C:/Users/Federico/Documents/evo-compress/tools/llamacpp-b10098/llama-bench.exe -m D:/evo-compress-data/gguf/Qwen2.5-7B-Instruct-Q4_K_M.gguf -ngl 9 -ub 2048 -t 3 -ctk f16 -ctv f16 -b 2048 -mmp 0 -fa 0 -n 128 -p 0 -r 3 -o json
6fb33659e6d8ef1a,7B,14,AB_ub,19,512,3,f16,0,0,,ok,12.722005,0.042926,"[12.6727, 12.7507, 12.7427]",32.4,30.4,12.92,47,139,405,398,8.78,57,1860,4006,400,38.65,2026-08-16 21:58:05 UTC,C:/Users/Federico/Documents/evo-compress/tools/llamacpp-b10098/llama-bench.exe -m D:/evo-compress-data/gguf/Qwen2.5-7B-Instruct-Q4_K_M.gguf -ngl 19 -ub 512 -t 3 -ctk f16 -ctv f16 -b 2048 -mmp 0 -fa 0 -n 128 -p 0 -r 3 -o json
cf8bf02058dc8869,7B,14,AB_t,19,2048,2,f16,0,0,,ok,11.166966,0.063442,"[11.1341, 11.1267, 11.2401]",36.6,30.4,12.92,50,139,405,398,8.59,56,1645,4006,398,32.62,2026-08-16 21:59:12 UTC,C:/Users/Federico/Documents/evo-compress/tools/llamacpp-b10098/llama-bench.exe -m D:/evo-compress-data/gguf/Qwen2.5-7B-Instruct-Q4_K_M.gguf -ngl 19 -ub 2048 -t 2 -ctk f16 -ctv f16 -b 2048 -mmp 0 -fa 0 -n 128 -p 0 -r 3 -o json
6a14fc90b5e97eba,7B,14,AB_ctk,19,2048,3,f16,0,0,,ok,12.670378,0.054036,"[12.6087, 12.6928, 12.7096]",32.5,30.4,12.92,51,139,405,398,8.68,60,1847,4006,398,38.74,2026-08-16 22:00:16 UTC,C:/Users/Federico/Documents/evo-compress/tools/llamacpp-b10098/llama-bench.exe -m D:/evo-compress-data/gguf/Qwen2.5-7B-Instruct-Q4_K_M.gguf -ngl 19 -ub 2048 -t 3 -ctk f16 -ctv f16 -b 2048 -mmp 0 -fa 0 -n 128 -p 0 -r 3 -o json
4014541eb8ad3268,7B,15,A,99,512,1,q8_0,0,0,,ok,22.340016,0.042556,"[22.3866, 22.3302, 22.3032]",19.3,30.4,12.9,52,139,405,398,9.07,65,1809,4006,398,38.85,2026-08-16 22:01:06 UTC,C:/Users/Federico/Documents/evo-compress/tools/llamacpp-b10098/llama-bench.exe -m D:/evo-compress-data/gguf/Qwen2.5-7B-Instruct-Q4_K_M.gguf -ngl 99 -ub 512 -t 1 -ctk q8_0 -ctv f16 -b 2048 -mmp 0 -fa 0 -n 128 -p 0 -r 3 -o json
b1fd821be0cc36bd,7B,15,B,19,1024,2,q8_0,0,0,,ok,11.269559,0.055091,"[11.2909, 11.207, 11.3108]",36.3,40.5,12.92,52,139,405,398,8.97,57,1657,4006,400,33.48,2026-08-16 22:02:23 UTC,C:/Users/Federico/Documents/evo-compress/tools/llamacpp-b10098/llama-bench.exe -m D:/evo-compress-data/gguf/Qwen2.5-7B-Instruct-Q4_K_M.gguf -ngl 19 -ub 1024 -t 2 -ctk q8_0 -ctv f16 -b 2048 -mmp 0 -fa 0 -n 128 -p 0 -r 3 -o json
25b974a1b24b85b7,7B,15,AB_ngl,19,512,1,q8_0,0,0,,ok,7.48604,0.09788,"[7.537, 7.5479, 7.3732]",53.6,30.4,12.92,51,139,405,400,8.78,57,1417,4006,398,30.03,2026-08-16 22:03:47 UTC,C:/Users/Federico/Documents/evo-compress/tools/llamacpp-b10098/llama-bench.exe -m D:/evo-compress-data/gguf/Qwen2.5-7B-Instruct-Q4_K_M.gguf -ngl 19 -ub 512 -t 1 -ctk q8_0 -ctv f16 -b 2048 -mmp 0 -fa 0 -n 128 -p 0 -r 3 -o json
26005355d94052b0,7B,15,AB_ub,99,1024,1,q8_0,0,0,,ok,22.296018,0.097919,"[22.3645, 22.3396, 22.1839]",19.3,30.4,12.92,52,139,405,398,8.78,65,1822,4006,398,39.43,2026-08-16 22:04:37 UTC,C:/Users/Federico/Documents/evo-compress/tools/llamacpp-b10098/llama-bench.exe -m D:/evo-compress-data/gguf/Qwen2.5-7B-Instruct-Q4_K_M.gguf -ngl 99 -ub 1024 -t 1 -ctk q8_0 -ctv f16 -b 2048 -mmp 0 -fa 0 -n 128 -p 0 -r 3 -o json
6fb807bf1a5032a3,7B,15,AB_t,99,512,2,q8_0,0,0,,ok,22.291352,0.082034,"[22.3738, 22.2098, 22.2905]",19.3,35.4,12.92,52,139,405,398,9.07,65,1809,4006,400,38.47,2026-08-16 22:05:33 UTC,C:/Users/Federico/Documents/evo-compress/tools/llamacpp-b10098/llama-bench.exe -m D:/evo-compress-data/gguf/Qwen2.5-7B-Instruct-Q4_K_M.gguf -ngl 99 -ub 512 -t 2 -ctk q8_0 -ctv f16 -b 2048 -mmp 0 -fa 0 -n 128 -p 0 -r 3 -o json
66ec8595e294083f,7B,15,AB_ctk,99,512,1,q8_0,0,0,,ok,22.345641,0.036906,"[22.3844, 22.3416, 22.3109]",19.3,40.5,12.93,52,139,405,398,9.26,65,1809,4006,398,38.83,2026-08-16 22:06:33 UTC,C:/Users/Federico/Documents/evo-compress/tools/llamacpp-b10098/llama-bench.exe -m D:/evo-compress-data/gguf/Qwen2.5-7B-Instruct-Q4_K_M.gguf -ngl 99 -ub 512 -t 1 -ctk q8_0 -ctv f16 -b 2048 -mmp 0 -fa 0 -n 128 -p 0 -r 3 -o json
577a88e99bdce1c0,7B,16,A,0,128,2,f16,0,0,,ok,5.670223,0.056267,"[5.6074, 5.6873, 5.716]",70.2,35.4,12.91,52,139,405,398,8.97,47,139,405,398,9.07,2026-08-16 22:08:19 UTC,C:/Users/Federico/Documents/evo-compress/tools/llamacpp-b10098/llama-bench.exe -m D:/evo-compress-data/gguf/Qwen2.5-7B-Instruct-Q4_K_M.gguf -ngl 0 -ub 128 -t 2 -ctk f16 -ctv f16 -b 2048 -mmp 0 -fa 0 -n 128 -p 0 -r 3 -o json
5178bd70b85b5300,7B,16,B,19,512,3,f16,0,0,,ok,12.646286,0.112967,"[12.5162, 12.7033, 12.7194]",32.6,30.3,12.91,45,139,405,398,8.30,56,1860,4006,398,38.37,2026-08-16 22:09:22 UTC,C:/Users/Federico/Documents/evo-compress/tools/llamacpp-b10098/llama-bench.exe -m D:/evo-compress-data/gguf/Qwen2.5-7B-Instruct-Q4_K_M.gguf -ngl 19 -ub 512 -t 3 -ctk f16 -ctv f16 -b 2048 -mmp 0 -fa 0 -n 128 -p 0 -r 3 -o json
52d5b41aede337a0,7B,16,AB_ngl,19,128,2,f16,0,0,,ok,11.278226,0.010067,"[11.2666, 11.2832, 11.2848]",36.3,30.4,12.89,49,139,405,398,8.78,55,1657,4006,398,32.90,2026-08-16 22:10:29 UTC,C:/Users/Federico/Documents/evo-compress/tools/llamacpp-b10098/llama-bench.exe -m D:/evo-compress-data/gguf/Qwen2.5-7B-Instruct-Q4_K_M.gguf -ngl 19 -ub 128 -t 2 -ctk f16 -ctv f16 -b 2048 -mmp 0 -fa 0 -n 128 -p 0 -r 3 -o json
6fda7a7f49c24a73,7B,16,AB_ub,0,512,2,f16,0,0,,ok,5.678625,0.038353,"[5.6493, 5.722, 5.6645]",70.2,30.4,12.85,50,139,405,398,8.68,46,139,405,398,9.07,2026-08-16 22:12:10 UTC,C:/Users/Federico/Documents/evo-compress/tools/llamacpp-b10098/llama-bench.exe -m D:/evo-compress-data/gguf/Qwen2.5-7B-Instruct-Q4_K_M.gguf -ngl 0 -ub 512 -t 2 -ctk f16 -ctv f16 -b 2048 -mmp 0 -fa 0 -n 128 -p 0 -r 3 -o json
466fef7d43570f73,7B,16,AB_t,0,128,3,f16,0,0,,ok,6.668768,0.04118,"[6.6212, 6.6937, 6.6913]",60.1,30.4,12.86,44,139,405,398,8.39,42,139,405,398,9.06,2026-08-16 22:13:41 UTC,C:/Users/Federico/Documents/evo-compress/tools/llamacpp-b10098/llama-bench.exe -m D:/evo-compress-data/gguf/Qwen2.5-7B-Instruct-Q4_K_M.gguf -ngl 0 -ub 128 -t 3 -ctk f16 -ctv f16 -b 2048 -mmp 0 -fa 0 -n 128 -p 0 -r 3 -o json
94da0730f29f7cb3,7B,16,AB_ctk,0,128,2,f16,0,0,,ok,5.692799,0.017605,"[5.6737, 5.7084, 5.6962]",70.0,30.4,12.85,41,139,405,398,8.40,39,139,405,398,9.07,2026-08-16 22:15:22 UTC,C:/Users/Federico/Documents/evo-compress/tools/llamacpp-b10098/llama-bench.exe -m D:/evo-compress-data/gguf/Qwen2.5-7B-Instruct-Q4_K_M.gguf -ngl 0 -ub 128 -t 2 -ctk f16 -ctv f16 -b 2048 -mmp 0 -fa 0 -n 128 -p 0 -r 3 -o json
d89f8a8722be0ec0,7B,17,A,0,1024,4,f16,0,0,,ok,6.916586,0.047115,"[6.863, 6.9355, 6.9513]",57.9,30.4,12.87,39,139,405,398,8.30,38,139,405,400,8.11,2026-08-16 22:16:51 UTC,C:/Users/Federico/Documents/evo-compress/tools/llamacpp-b10098/llama-bench.exe -m D:/evo-compress-data/gguf/Qwen2.5-7B-Instruct-Q4_K_M.gguf -ngl 0 -ub 1024 -t 4 -ctk f16 -ctv f16 -b 2048 -mmp 0 -fa 0 -n 128 -p 0 -r 3 -o json
85e933efcb354ca4,7B,17,B,19,512,3,f16,0,0,,ok,12.722365,0.061188,"[12.7329, 12.7776, 12.6566]",32.4,30.4,12.86,38,139,405,400,7.72,49,1885,4006,400,37.99,2026-08-16 22:17:54 UTC,C:/Users/Federico/Documents/evo-compress/tools/llamacpp-b10098/llama-bench.exe -m D:/evo-compress-data/gguf/Qwen2.5-7B-Instruct-Q4_K_M.gguf -ngl 19 -ub 512 -t 3 -ctk f16 -ctv f16 -b 2048 -mmp 0 -fa 0 -n 128 -p 0 -r 3 -o json
4bf1466e463d8332,7B,17,AB_ngl,19,1024,4,f16,0,0,,ok,13.009863,0.073143,"[13.0413, 12.9263, 13.062]",31.8,30.3,12.85,43,139,405,400,7.91,53,1873,4006,400,38.76,2026-08-16 22:18:56 UTC,C:/Users/Federico/Documents/evo-compress/tools/llamacpp-b10098/llama-bench.exe -m D:/evo-compress-data/gguf/Qwen2.5-7B-Instruct-Q4_K_M.gguf -ngl 19 -ub 1024 -t 4 -ctk f16 -ctv f16 -b 2048 -mmp 0 -fa 0 -n 128 -p 0 -r 3 -o json
c4abe3edf8bfdd2e,7B,17,AB_ub,0,512,4,f16,0,0,,ok,6.919747,0.018074,"[6.9159, 6.9394, 6.9039]",58.0,30.3,12.87,47,139,405,400,8.30,44,139,405,400,8.78,2026-08-16 22:20:25 UTC,C:/Users/Federico/Documents/evo-compress/tools/llamacpp-b10098/llama-bench.exe -m D:/evo-compress-data/gguf/Qwen2.5-7B-Instruct-Q4_K_M.gguf -ngl 0 -ub 512 -t 4 -ctk f16 -ctv f16 -b 2048 -mmp 0 -fa 0 -n 128 -p 0 -r 3 -o json
9676e667869791a9,7B,17,AB_t,0,1024,3,f16,0,0,,ok,6.625684,0.044884,"[6.5772, 6.6657, 6.6342]",60.4,30.4,12.93,43,139,405,400,7.72,41,139,405,398,8.68,2026-08-16 22:21:56 UTC,C:/Users/Federico/Documents/evo-compress/tools/llamacpp-b10098/llama-bench.exe -m D:/evo-compress-data/gguf/Qwen2.5-7B-Instruct-Q4_K_M.gguf -ngl 0 -ub 1024 -t 3 -ctk f16 -ctv f16 -b 2048 -mmp 0 -fa 0 -n 128 -p 0 -r 3 -o json
13e9bbfc0243e025,7B,17,AB_ctk,0,1024,4,f16,0,0,,ok,6.912201,0.03063,"[6.8863, 6.946, 6.9043]",58.0,30.4,12.92,40,139,405,398,8.11,39,139,405,398,8.59,2026-08-16 22:23:25 UTC,C:/Users/Federico/Documents/evo-compress/tools/llamacpp-b10098/llama-bench.exe -m D:/evo-compress-data/gguf/Qwen2.5-7B-Instruct-Q4_K_M.gguf -ngl 0 -ub 1024 -t 4 -ctk f16 -ctv f16 -b 2048 -mmp 0 -fa 0 -n 128 -p 0 -r 3 -o json
2c3b47dabd5d78cc,7B,18,A,99,512,1,f16,0,0,,ok,22.397369,0.098948,"[22.5013, 22.3044, 22.3864]",19.3,30.3,12.92,39,139,405,398,8.20,54,1873,4006,398,38.55,2026-08-16 22:24:15 UTC,C:/Users/Federico/Documents/evo-compress/tools/llamacpp-b10098/llama-bench.exe -m D:/evo-compress-data/gguf/Qwen2.5-7B-Instruct-Q4_K_M.gguf -ngl 99 -ub 512 -t 1 -ctk f16 -ctv f16 -b 2048 -mmp 0 -fa 0 -n 128 -p 0 -r 3 -o json
8f81d16ece55241b,7B,18,B,19,128,3,f16,0,0,,ok,12.701023,0.063077,"[12.6282, 12.7379, 12.7369]",32.5,30.4,12.9,45,139,405,398,8.49,55,1873,4006,398,38.66,2026-08-16 22:25:18 UTC,C:/Users/Federico/Documents/evo-compress/tools/llamacpp-b10098/llama-bench.exe -m D:/evo-compress-data/gguf/Qwen2.5-7B-Instruct-Q4_K_M.gguf -ngl 19 -ub 128 -t 3 -ctk f16 -ctv f16 -b 2048 -mmp 0 -fa 0 -n 128 -p 0 -r 3 -o json
6e82867bf9611cf1,7B,18,AB_ngl,19,512,1,f16,0,0,,ok,7.404948,0.099646,"[7.5, 7.4136, 7.3012]",54.1,30.4,12.91,48,139,405,398,8.68,54,1531,4006,398,30.89,2026-08-16 22:26:43 UTC,C:/Users/Federico/Documents/evo-compress/tools/llamacpp-b10098/llama-bench.exe -m D:/evo-compress-data/gguf/Qwen2.5-7B-Instruct-Q4_K_M.gguf -ngl 19 -ub 512 -t 1 -ctk f16 -ctv f16 -b 2048 -mmp 0 -fa 0 -n 128 -p 0 -r 3 -o json
841be401e25186a1,7B,18,AB_ub,99,128,1,f16,0,0,,ok,22.222579,0.042689,"[22.2686, 22.215, 22.1842]",19.4,30.4,12.9,49,139,405,398,8.78,63,1847,4006,398,39.81,2026-08-16 22:27:34 UTC,C:/Users/Federico/Documents/evo-compress/tools/llamacpp-b10098/llama-bench.exe -m D:/evo-compress-data/gguf/Qwen2.5-7B-Instruct-Q4_K_M.gguf -ngl 99 -ub 128 -t 1 -ctk f16 -ctv f16 -b 2048 -mmp 0 -fa 0 -n 128 -p 0 -r 3 -o json
1ff3bc16baa9051a,7B,18,AB_t,99,512,3,f16,0,0,,ok,22.168813,0.066834,"[22.2252, 22.095, 22.1862]",19.5,30.4,12.9,52,139,405,398,9.07,65,1847,4006,398,40.00,2026-08-16 22:28:24 UTC,C:/Users/Federico/Documents/evo-compress/tools/llamacpp-b10098/llama-bench.exe -m D:/evo-compress-data/gguf/Qwen2.5-7B-Instruct-Q4_K_M.gguf -ngl 99 -ub 512 -t 3 -ctk f16 -ctv f16 -b 2048 -mmp 0 -fa 0 -n 128 -p 0 -r 3 -o json
fab48087e6e51b65,7B,18,AB_ctk,99,512,1,f16,0,0,,ok,22.153868,0.034331,"[22.1188, 22.1874, 22.1555]",19.5,35.4,12.9,52,139,405,398,9.06,65,1822,4006,400,39.33,2026-08-16 22:29:19 UTC,C:/Users/Federico/Documents/evo-compress/tools/llamacpp-b10098/llama-bench.exe -m D:/evo-compress-data/gguf/Qwen2.5-7B-Instruct-Q4_K_M.gguf -ngl 99 -ub 512 -t 1 -ctk f16 -ctv f16 -b 2048 -mmp 0 -fa 0 -n 128 -p 0 -r 3 -o json
210638763f740a8d,7B,19,A,19,512,4,q8_0,0,0,,ok,12.977537,0.086518,"[12.8777, 13.0239, 13.031]",31.8,35.4,12.9,52,139,405,398,9.07,60,1847,4006,398,38.95,2026-08-16 22:30:27 UTC,C:/Users/Federico/Documents/evo-compress/tools/llamacpp-b10098/llama-bench.exe -m D:/evo-compress-data/gguf/Qwen2.5-7B-Instruct-Q4_K_M.gguf -ngl 19 -ub 512 -t 4 -ctk q8_0 -ctv f16 -b 2048 -mmp 0 -fa 0 -n 128 -p 0 -r 3 -o json
b203b4ca4c81b7ad,7B,19,B,0,2048,4,q8_0,0,0,,ok,6.91173,0.040064,"[6.8737, 6.908, 6.9535]",58.0,30.4,12.91,52,139,405,398,8.88,47,139,405,398,9.07,2026-08-16 22:31:55 UTC,C:/Users/Federico/Documents/evo-compress/tools/llamacpp-b10098/llama-bench.exe -m D:/evo-compress-data/gguf/Qwen2.5-7B-Instruct-Q4_K_M.gguf -ngl 0 -ub 2048 -t 4 -ctk q8_0 -ctv f16 -b 2048 -mmp 0 -fa 0 -n 128 -p 0 -r 3 -o json
04480ebeea521b39,7B,19,AB_ngl,0,512,4,q8_0,0,0,,ok,6.925921,0.023804,"[6.9093, 6.9532, 6.9152]",57.9,30.4,12.91,46,139,405,398,8.49,43,139,405,398,8.78,2026-08-16 22:33:24 UTC,C:/Users/Federico/Documents/evo-compress/tools/llamacpp-b10098/llama-bench.exe -m D:/evo-compress-data/gguf/Qwen2.5-7B-Instruct-Q4_K_M.gguf -ngl 0 -ub 512 -t 4 -ctk q8_0 -ctv f16 -b 2048 -mmp 0 -fa 0 -n 128 -p 0 -r 3 -o json
8e2104bd50318698,7B,19,AB_ub,19,2048,4,q8_0,0,0,,ok,13.050712,0.024613,"[13.0223, 13.0657, 13.0641]",31.7,30.4,12.9,42,139,405,398,8.58,53,1873,4006,400,38.18,2026-08-16 22:34:27 UTC,C:/Users/Federico/Documents/evo-compress/tools/llamacpp-b10098/llama-bench.exe -m D:/evo-compress-data/gguf/Qwen2.5-7B-Instruct-Q4_K_M.gguf -ngl 19 -ub 2048 -t 4 -ctk q8_0 -ctv f16 -b 2048 -mmp 0 -fa 0 -n 128 -p 0 -r 3 -o json
b3f4d9eca8f99f01,7B,19,AB_t,19,512,4,q8_0,0,0,,ok,13.064162,0.050086,"[13.0093, 13.0758, 13.1074]",31.6,30.3,12.91,46,139,405,400,8.59,56,1873,4006,400,38.93,2026-08-16 22:35:29 UTC,C:/Users/Federico/Documents/evo-compress/tools/llamacpp-b10098/llama-bench.exe -m D:/evo-compress-data/gguf/Qwen2.5-7B-Instruct-Q4_K_M.gguf -ngl 19 -ub 512 -t 4 -ctk q8_0 -ctv f16 -b 2048 -mmp 0 -fa 0 -n 128 -p 0 -r 3 -o json
5f145eaea34bb4ff,7B,19,AB_ctk,19,512,4,q8_0,0,0,,ok,12.933477,0.065402,"[12.933, 12.9991, 12.8683]",32.0,30.3,12.94,49,139,405,400,7.82,59,1847,4006,400,38.47,2026-08-16 22:36:32 UTC,C:/Users/Federico/Documents/evo-compress/tools/llamacpp-b10098/llama-bench.exe -m D:/evo-compress-data/gguf/Qwen2.5-7B-Instruct-Q4_K_M.gguf -ngl 19 -ub 512 -t 4 -ctk q8_0 -ctv f16 -b 2048 -mmp 0 -fa 0 -n 128 -p 0 -r 3 -o json
fd5c482d6aa54edd,7B,20,A,0,512,1,q8_0,0,0,,ok,3.136609,0.005893,"[3.1398, 3.1298, 3.1402]",125.2,30.3,12.91,51,139,405,400,8.01,43,139,405,400,8.49,2026-08-16 22:39:08 UTC,C:/Users/Federico/Documents/evo-compress/tools/llamacpp-b10098/llama-bench.exe -m D:/evo-compress-data/gguf/Qwen2.5-7B-Instruct-Q4_K_M.gguf -ngl 0 -ub 512 -t 1 -ctk q8_0 -ctv f16 -b 2048 -mmp 0 -fa 0 -n 128 -p 0 -r 3 -o json
6f07dacdfb45c243,7B,20,B,99,1024,1,q8_0,0,0,,ok,22.417517,0.030781,"[22.4499, 22.4141, 22.3886]",19.3,30.3,12.87,42,139,405,400,8.87,57,1847,4006,400,38.18,2026-08-16 22:39:58 UTC,C:/Users/Federico/Documents/evo-compress/tools/llamacpp-b10098/llama-bench.exe -m D:/evo-compress-data/gguf/Qwen2.5-7B-Instruct-Q4_K_M.gguf -ngl 99 -ub 1024 -t 1 -ctk q8_0 -ctv f16 -b 2048 -mmp 0 -fa 0 -n 128 -p 0 -r 3 -o json
0647e98d4f61e0ff,7B,20,AB_ngl,99,512,1,q8_0,0,0,,ok,22.337059,0.027458,"[22.354, 22.3518, 22.3054]",19.3,30.3,12.89,47,139,405,400,7.72,61,1847,4006,400,39.23,2026-08-16 22:40:48 UTC,C:/Users/Federico/Documents/evo-compress/tools/llamacpp-b10098/llama-bench.exe -m D:/evo-compress-data/gguf/Qwen2.5-7B-Instruct-Q4_K_M.gguf -ngl 99 -ub 512 -t 1 -ctk q8_0 -ctv f16 -b 2048 -mmp 0 -fa 0 -n 128 -p 0 -r 3 -o json
b4b7f3a0da4152b6,7B,20,AB_ub,0,1024,1,q8_0,0,0,,ok,3.154424,0.003979,"[3.1528, 3.1515, 3.159]",124.3,30.3,12.9,50,139,405,400,8.20,43,139,405,398,8.97,2026-08-16 22:43:23 UTC,C:/Users/Federico/Documents/evo-compress/tools/llamacpp-b10098/llama-bench.exe -m D:/evo-compress-data/gguf/Qwen2.5-7B-Instruct-Q4_K_M.gguf -ngl 0 -ub 1024 -t 1 -ctk q8_0 -ctv f16 -b 2048 -mmp 0 -fa 0 -n 128 -p 0 -r 3 -o json
313ca055d238c643,7B,20,AB_t,0,512,1,q8_0,0,0,,ok,3.126863,0.011881,"[3.1193, 3.1406, 3.1207]",125.5,30.4,12.9,42,139,405,398,8.40,39,139,405,404,8.68,2026-08-16 22:45:59 UTC,C:/Users/Federico/Documents/evo-compress/tools/llamacpp-b10098/llama-bench.exe -m D:/evo-compress-data/gguf/Qwen2.5-7B-Instruct-Q4_K_M.gguf -ngl 0 -ub 512 -t 1 -ctk q8_0 -ctv f16 -b 2048 -mmp 0 -fa 0 -n 128 -p 0 -r 3 -o json
8f9a8e7ffc502228,7B,20,AB_ctk,0,512,1,q8_0,0,0,,ok,3.150268,0.004544,"[3.1477, 3.1476, 3.1555]",124.7,30.3,12.89,39,139,405,404,8.39,37,139,405,402,8.59,2026-08-16 22:48:35 UTC,C:/Users/Federico/Documents/evo-compress/tools/llamacpp-b10098/llama-bench.exe -m D:/evo-compress-data/gguf/Qwen2.5-7B-Instruct-Q4_K_M.gguf -ngl 0 -ub 512 -t 1 -ctk q8_0 -ctv f16 -b 2048 -mmp 0 -fa 0 -n 128 -p 0 -r 3 -o json
94c251d1f1b744a5,7B,21,A,0,2048,4,q8_0,0,0,,ok,6.903925,0.003242,"[6.9012, 6.9075, 6.9031]",58.1,30.4,12.88,37,139,405,402,8.58,37,139,405,402,8.69,2026-08-16 22:50:04 UTC,C:/Users/Federico/Documents/evo-compress/tools/llamacpp-b10098/llama-bench.exe -m D:/evo-compress-data/gguf/Qwen2.5-7B-Instruct-Q4_K_M.gguf -ngl 0 -ub 2048 -t 4 -ctk q8_0 -ctv f16 -b 2048 -mmp 0 -fa 0 -n 128 -p 0 -r 3 -o json
64585903b9425ac8,7B,21,B,19,128,3,f16,0,0,,ok,12.684628,0.072099,"[12.6349, 12.7673, 12.6517]",32.5,30.4,12.88,37,139,405,402,8.30,48,1885,4006,402,37.99,2026-08-16 22:51:07 UTC,C:/Users/Federico/Documents/evo-compress/tools/llamacpp-b10098/llama-bench.exe -m D:/evo-compress-data/gguf/Qwen2.5-7B-Instruct-Q4_K_M.gguf -ngl 19 -ub 128 -t 3 -ctk f16 -ctv f16 -b 2048 -mmp 0 -fa 0 -n 128 -p 0 -r 3 -o json
3dd817cb938fa798,7B,21,AB_ngl,19,2048,4,q8_0,0,0,,ok,13.029726,0.068631,"[13.105, 12.9706, 13.0137]",31.7,30.4,12.9,42,139,405,402,8.49,52,1873,4006,404,38.09,2026-08-16 22:52:09 UTC,C:/Users/Federico/Documents/evo-compress/tools/llamacpp-b10098/llama-bench.exe -m D:/evo-compress-data/gguf/Qwen2.5-7B-Instruct-Q4_K_M.gguf -ngl 19 -ub 2048 -t 4 -ctk q8_0 -ctv f16 -b 2048 -mmp 0 -fa 0 -n 128 -p 0 -r 3 -o json
76faf2584daca937,7B,21,AB_ub,0,128,4,q8_0,0,0,,ok,6.912484,0.029262,"[6.9067, 6.9442, 6.8865]",58.1,30.3,12.9,45,139,405,404,7.82,43,139,405,402,8.97,2026-08-16 22:53:38 UTC,C:/Users/Federico/Documents/evo-compress/tools/llamacpp-b10098/llama-bench.exe -m D:/evo-compress-data/gguf/Qwen2.5-7B-Instruct-Q4_K_M.gguf -ngl 0 -ub 128 -t 4 -ctk q8_0 -ctv f16 -b 2048 -mmp 0 -fa 0 -n 128 -p 0 -r 3 -o json
677978dde90c1cf8,7B,21,AB_t,0,2048,3,q8_0,0,0,,ok,6.595843,0.080363,"[6.506, 6.6608, 6.6208]",60.7,30.4,12.85,42,253,405,402,8.59,40,139,405,404,8.49,2026-08-16 22:55:10 UTC,C:/Users/Federico/Documents/evo-compress/tools/llamacpp-b10098/llama-bench.exe -m D:/evo-compress-data/gguf/Qwen2.5-7B-Instruct-Q4_K_M.gguf -ngl 0 -ub 2048 -t 3 -ctk q8_0 -ctv f16 -b 2048 -mmp 0 -fa 0 -n 128 -p 0 -r 3 -o json
13d05cc5bbb1d5fd,7B,21,AB_ctk,0,2048,4,f16,0,0,,ok,6.765124,0.23134,"[6.4995, 6.8732, 6.9226]",59.5,30.3,12.87,39,139,405,404,7.72,39,139,405,403,8.59,2026-08-16 22:56:40 UTC,C:/Users/Federico/Documents/evo-compress/tools/llamacpp-b10098/llama-bench.exe -m D:/evo-compress-data/gguf/Qwen2.5-7B-Instruct-Q4_K_M.gguf -ngl 0 -ub 2048 -t 4 -ctk f16 -ctv f16 -b 2048 -mmp 0 -fa 0 -n 128 -p 0 -r 3 -o json
ca198ea4e1c5e2bd,7B,22,A,9,2048,1,f16,0,0,,ok,4.46512,0.019931,"[4.4421, 4.4756, 4.4776]",88.6,30.4,12.81,38,139,405,403,7.72,45,1506,4006,403,30.13,2026-08-16 22:58:39 UTC,C:/Users/Federico/Documents/evo-compress/tools/llamacpp-b10098/llama-bench.exe -m D:/evo-compress-data/gguf/Qwen2.5-7B-Instruct-Q4_K_M.gguf -ngl 9 -ub 2048 -t 1 -ctk f16 -ctv f16 -b 2048 -mmp 0 -fa 0 -n 128 -p 0 -r 3 -o json
974ccfc4ab5863b9,7B,22,B,0,128,2,q8_0,0,0,,ok,5.638012,0.037745,"[5.6003, 5.6758, 5.6379]",70.8,30.4,12.85,43,139,405,405,7.82,41,139,405,402,8.87,2026-08-16 23:00:21 UTC,C:/Users/Federico/Documents/evo-compress/tools/llamacpp-b10098/llama-bench.exe -m D:/evo-compress-data/gguf/Qwen2.5-7B-Instruct-Q4_K_M.gguf -ngl 0 -ub 128 -t 2 -ctk q8_0 -ctv f16 -b 2048 -mmp 0 -fa 0 -n 128 -p 0 -r 3 -o json
ef8fbb7fd89aeef1,7B,22,AB_ngl,0,2048,1,f16,0,0,,ok,3.148218,0.016435,"[3.1292, 3.1576, 3.1578]",124.6,30.4,12.85,40,139,405,404,8.30,38,139,405,404,8.49,2026-08-16 23:02:56 UTC,C:/Users/Federico/Documents/evo-compress/tools/llamacpp-b10098/llama-bench.exe -m D:/evo-compress-data/gguf/Qwen2.5-7B-Instruct-Q4_K_M.gguf -ngl 0 -ub 2048 -t 1 -ctk f16 -ctv f16 -b 2048 -mmp 0 -fa 0 -n 128 -p 0 -r 3 -o json
1ec5664261e524ff,7B,22,AB_ub,9,128,1,f16,0,0,,ok,4.494926,0.012397,"[4.4824, 4.4953, 4.5072]",88.0,30.4,12.87,37,139,405,402,8.30,45,1506,4006,402,30.03,2026-08-16 23:04:55 UTC,C:/Users/Federico/Documents/evo-compress/tools/llamacpp-b10098/llama-bench.exe -m D:/evo-compress-data/gguf/Qwen2.5-7B-Instruct-Q4_K_M.gguf -ngl 9 -ub 128 -t 1 -ctk f16 -ctv f16 -b 2048 -mmp 0 -fa 0 -n 128 -p 0 -r 3 -o json
d20c2a7b011a9271,7B,22,AB_t,9,2048,2,f16,0,0,,ok,7.093327,0.168091,"[7.2874, 6.9926, 7.0]",56.6,30.4,12.88,43,139,405,402,8.49,46,885,3802,404,25.82,2026-08-16 23:06:23 UTC,C:/Users/Federico/Documents/evo-compress/tools/llamacpp-b10098/llama-bench.exe -m D:/evo-compress-data/gguf/Qwen2.5-7B-Instruct-Q4_K_M.gguf -ngl 9 -ub 2048 -t 2 -ctk f16 -ctv f16 -b 2048 -mmp 0 -fa 0 -n 128 -p 0 -r 3 -o json
dbb20eed56d5a2a9,7B,22,AB_ctk,9,2048,1,q8_0,0,0,,ok,4.470447,0.042035,"[4.4639, 4.432, 4.5154]",88.5,30.4,12.91,43,139,405,404,8.11,48,1506,4006,402,30.03,2026-08-16 23:08:22 UTC,C:/Users/Federico/Documents/evo-compress/tools/llamacpp-b10098/llama-bench.exe -m D:/evo-compress-data/gguf/Qwen2.5-7B-Instruct-Q4_K_M.gguf -ngl 9 -ub 2048 -t 1 -ctk q8_0 -ctv f16 -b 2048 -mmp 0 -fa 0 -n 128 -p 0 -r 3 -o json
e1350e90c4de194b,7B,23,A,9,128,3,q8_0,0,0,,ok,8.126515,0.202108,"[8.3573, 7.9809, 8.0414]",49.7,30.3,12.9,46,139,405,402,8.78,48,885,3802,402,25.71,2026-08-16 23:09:43 UTC,C:/Users/Federico/Documents/evo-compress/tools/llamacpp-b10098/llama-bench.exe -m D:/evo-compress-data/gguf/Qwen2.5-7B-Instruct-Q4_K_M.gguf -ngl 9 -ub 128 -t 3 -ctk q8_0 -ctv f16 -b 2048 -mmp 0 -fa 0 -n 128 -p 0 -r 3 -o json
c615c1bbc2eced17,7B,23,B,19,1024,1,f16,0,0,,ok,7.340484,0.011516,"[7.3537, 7.3347, 7.333]",54.6,30.4,12.89,45,139,405,402,8.59,51,1582,4006,402,31.27,2026-08-16 23:11:08 UTC,C:/Users/Federico/Documents/evo-compress/tools/llamacpp-b10098/llama-bench.exe -m D:/evo-compress-data/gguf/Qwen2.5-7B-Instruct-Q4_K_M.gguf -ngl 19 -ub 1024 -t 1 -ctk f16 -ctv f16 -b 2048 -mmp 0 -fa 0 -n 128 -p 0 -r 3 -o json
b0e7387f798ec15d,7B,23,AB_ngl,19,128,3,q8_0,0,0,,ok,12.600318,0.123136,"[12.5683, 12.7363, 12.4964]",32.7,30.4,12.85,47,139,405,402,8.59,57,1873,4006,402,39.04,2026-08-16 23:12:11 UTC,C:/Users/Federico/Documents/evo-compress/tools/llamacpp-b10098/llama-bench.exe -m D:/evo-compress-data/gguf/Qwen2.5-7B-Instruct-Q4_K_M.gguf -ngl 19 -ub 128 -t 3 -ctk q8_0 -ctv f16 -b 2048 -mmp 0 -fa 0 -n 128 -p 0 -r 3 -o json
7e566f6a2051e2bc,7B,23,AB_ub,9,1024,3,q8_0,0,0,,ok,8.098501,0.210733,"[8.3385, 8.0132, 7.9438]",49.9,30.4,12.86,49,139,405,402,8.97,50,898,3802,402,25.91,2026-08-16 23:13:32 UTC,C:/Users/Federico/Documents/evo-compress/tools/llamacpp-b10098/llama-bench.exe -m D:/evo-compress-data/gguf/Qwen2.5-7B-Instruct-Q4_K_M.gguf -ngl 9 -ub 1024 -t 3 -ctk q8_0 -ctv f16 -b 2048 -mmp 0 -fa 0 -n 128 -p 0 -r 3 -o json
732729c2b1fca2c0,7B,23,AB_t,9,128,1,q8_0,0,0,,ok,4.486064,0.029935,"[4.47, 4.4676, 4.5206]",88.2,30.4,12.87,47,139,405,402,8.58,51,1506,4006,402,30.41,2026-08-16 23:15:31 UTC,C:/Users/Federico/Documents/evo-compress/tools/llamacpp-b10098/llama-bench.exe -m D:/evo-compress-data/gguf/Qwen2.5-7B-Instruct-Q4_K_M.gguf -ngl 9 -ub 128 -t 1 -ctk q8_0 -ctv f16 -b 2048 -mmp 0 -fa 0 -n 128 -p 0 -r 3 -o json
083b0e4eebadeceb,7B,23,AB_ctk,9,128,3,f16,0,0,,ok,8.118805,0.201568,"[8.3481, 7.9698, 8.0385]",49.8,30.4,12.87,48,139,405,402,8.77,49,898,3802,404,25.81,2026-08-16 23:16:52 UTC,C:/Users/Federico/Documents/evo-compress/tools/llamacpp-b10098/llama-bench.exe -m D:/evo-compress-data/gguf/Qwen2.5-7B-Instruct-Q4_K_M.gguf -ngl 9 -ub 128 -t 3 -ctk f16 -ctv f16 -b 2048 -mmp 0 -fa 0 -n 128 -p 0 -r 3 -o json
75e9e37e802a3460,7B,24,A,99,2048,2,q8_0,0,0,,ok,22.326645,0.040413,"[22.3395, 22.3591, 22.2814]",19.3,30.4,12.87,46,139,405,404,8.39,60,1847,4006,404,38.84,2026-08-16 23:17:42 UTC,C:/Users/Federico/Documents/evo-compress/tools/llamacpp-b10098/llama-bench.exe -m D:/evo-compress-data/gguf/Qwen2.5-7B-Instruct-Q4_K_M.gguf -ngl 99 -ub 2048 -t 2 -ctk q8_0 -ctv f16 -b 2048 -mmp 0 -fa 0 -n 128 -p 0 -r 3 -o json
bc5da9685fc4cf6f,7B,24,B,19,512,2,q8_0,0,0,,ok,11.321648,0.020022,"[11.2987, 11.3304, 11.3358]",36.2,30.4,12.86,49,139,405,404,8.59,56,1733,4006,404,34.73,2026-08-16 23:18:49 UTC,C:/Users/Federico/Documents/evo-compress/tools/llamacpp-b10098/llama-bench.exe -m D:/evo-compress-data/gguf/Qwen2.5-7B-Instruct-Q4_K_M.gguf -ngl 19 -ub 512 -t 2 -ctk q8_0 -ctv f16 -b 2048 -mmp 0 -fa 0 -n 128 -p 0 -r 3 -o json
14151561a66103c4,7B,24,AB_ngl,19,2048,2,q8_0,0,0,,ok,11.16369,0.071079,"[11.1224, 11.1229, 11.2458]",36.6,30.4,12.87,50,139,405,404,8.69,56,1645,4006,404,33.00,2026-08-16 23:19:56 UTC,C:/Users/Federico/Documents/evo-compress/tools/llamacpp-b10098/llama-bench.exe -m D:/evo-compress-data/gguf/Qwen2.5-7B-Instruct-Q4_K_M.gguf -ngl 19 -ub 2048 -t 2 -ctk q8_0 -ctv f16 -b 2048 -mmp 0 -fa 0 -n 128 -p 0 -r 3 -o json
dbf41f250b754954,7B,24,AB_ub,99,512,2,q8_0,0,0,,ok,22.206864,0.025986,"[22.1888, 22.2367, 22.1951]",19.4,30.4,12.88,50,139,405,404,8.77,64,1809,4006,404,38.16,2026-08-16 23:20:46 UTC,C:/Users/Federico/Documents/evo-compress/tools/llamacpp-b10098/llama-bench.exe -m D:/evo-compress-data/gguf/Qwen2.5-7B-Instruct-Q4_K_M.gguf -ngl 99 -ub 512 -t 2 -ctk q8_0 -ctv f16 -b 2048 -mmp 0 -fa 0 -n 128 -p 0 -r 3 -o json
fc46a7711ab08f9b,7B,24,AB_t,99,2048,2,q8_0,0,0,,ok,22.234308,0.012829,"[22.2387, 22.2444, 22.2199]",19.5,30.4,12.89,52,139,405,404,8.77,65,1822,4006,404,39.70,2026-08-16 23:21:36 UTC,C:/Users/Federico/Documents/evo-compress/tools/llamacpp-b10098/llama-bench.exe -m D:/evo-compress-data/gguf/Qwen2.5-7B-Instruct-Q4_K_M.gguf -ngl 99 -ub 2048 -t 2 -ctk q8_0 -ctv f16 -b 2048 -mmp 0 -fa 0 -n 128 -p 0 -r 3 -o json
103aa800bea645eb,7B,24,AB_ctk,99,2048,2,q8_0,0,0,,ok,22.247417,0.035615,"[22.2867, 22.2384, 22.2172]",19.4,45.5,12.89,52,139,405,404,8.97,65,1847,4006,404,39.99,2026-08-16 23:22:42 UTC,C:/Users/Federico/Documents/evo-compress/tools/llamacpp-b10098/llama-bench.exe -m D:/evo-compress-data/gguf/Qwen2.5-7B-Instruct-Q4_K_M.gguf -ngl 99 -ub 2048 -t 2 -ctk q8_0 -ctv f16 -b 2048 -mmp 0 -fa 0 -n 128 -p 0 -r 3 -o json
f62245ac5b2d9189,7B,25,A,99,128,3,f16,0,0,,ok,22.112544,0.048892,"[22.1661, 22.1014, 22.0702]",19.5,35.4,12.89,52,139,405,404,9.16,65,1822,4006,404,39.52,2026-08-16 23:23:37 UTC,C:/Users/Federico/Documents/evo-compress/tools/llamacpp-b10098/llama-bench.exe -m D:/evo-compress-data/gguf/Qwen2.5-7B-Instruct-Q4_K_M.gguf -ngl 99 -ub 128 -t 3 -ctk f16 -ctv f16 -b 2048 -mmp 0 -fa 0 -n 128 -p 0 -r 3 -o json
30bc04b88ad4f1a3,7B,25,B,9,512,2,q8_0,0,0,,ok,7.137659,0.083814,"[7.2343, 7.0942, 7.0845]",56.3,35.4,12.86,52,139,405,404,8.78,52,885,3802,402,25.81,2026-08-16 23:25:09 UTC,C:/Users/Federico/Documents/evo-compress/tools/llamacpp-b10098/llama-bench.exe -m D:/evo-compress-data/gguf/Qwen2.5-7B-Instruct-Q4_K_M.gguf -ngl 9 -ub 512 -t 2 -ctk q8_0 -ctv f16 -b 2048 -mmp 0 -fa 0 -n 128 -p 0 -r 3 -o json
355719335db0030f,7B,25,AB_ngl,9,128,3,f16,0,0,,ok,8.078379,0.203517,"[8.3101, 7.9288, 7.9962]",50.0,30.4,12.88,49,139,405,402,8.78,50,885,3802,402,25.73,2026-08-16 23:26:30 UTC,C:/Users/Federico/Documents/evo-compress/tools/llamacpp-b10098/llama-bench.exe -m D:/evo-compress-data/gguf/Qwen2.5-7B-Instruct-Q4_K_M.gguf -ngl 9 -ub 128 -t 3 -ctk f16 -ctv f16 -b 2048 -mmp 0 -fa 0 -n 128 -p 0 -r 3 -o json
ca2be437a97644a3,7B,25,AB_ub,99,512,3,f16,0,0,,ok,22.268018,0.055363,"[22.3285, 22.2556, 22.2199]",19.4,30.4,12.88,47,139,405,402,8.49,61,1835,4006,402,38.85,2026-08-16 23:27:20 UTC,C:/Users/Federico/Documents/evo-compress/tools/llamacpp-b10098/llama-bench.exe -m D:/evo-compress-data/gguf/Qwen2.5-7B-Instruct-Q4_K_M.gguf -ngl 99 -ub 512 -t 3 -ctk f16 -ctv f16 -b 2048 -mmp 0 -fa 0 -n 128 -p 0 -r 3 -o json
ecbf105473b32f3f,7B,25,AB_t,99,128,2,f16,0,0,,ok,22.234444,0.0403,"[22.2675, 22.2463, 22.1895]",19.4,30.3,12.88,51,139,405,402,8.77,64,1822,4006,402,39.04,2026-08-16 23:28:10 UTC,C:/Users/Federico/Documents/evo-compress/tools/llamacpp-b10098/llama-bench.exe -m D:/evo-compress-data/gguf/Qwen2.5-7B-Instruct-Q4_K_M.gguf -ngl 99 -ub 128 -t 2 -ctk f16 -ctv f16 -b 2048 -mmp 0 -fa 0 -n 128 -p 0 -r 3 -o json
d9edd5c03119729e,7B,25,AB_ctk,99,128,3,q8_0,0,0,,ok,22.369331,0.040525,"[22.4001, 22.3844, 22.3234]",19.3,35.4,12.88,52,139,405,402,8.88,64,1822,4006,402,39.33,2026-08-16 23:29:05 UTC,C:/Users/Federico/Documents/evo-compress/tools/llamacpp-b10098/llama-bench.exe -m D:/evo-compress-data/gguf/Qwen2.5-7B-Instruct-Q4_K_M.gguf -ngl 99 -ub 128 -t 3 -ctk q8_0 -ctv f16 -b 2048 -mmp 0 -fa 0 -n 128 -p 0 -r 3 -o json
d2d342f5f63bebac,7B,26,A,9,2048,2,q8_0,0,0,,ok,7.085539,0.121314,"[7.2174, 6.9787, 7.0605]",56.8,40.5,12.88,52,139,405,402,8.97,52,885,3802,403,26.00,2026-08-16 23:30:43 UTC,C:/Users/Federico/Documents/evo-compress/tools/llamacpp-b10098/llama-bench.exe -m D:/evo-compress-data/gguf/Qwen2.5-7B-Instruct-Q4_K_M.gguf -ngl 9 -ub 2048 -t 2 -ctk q8_0 -ctv f16 -b 2048 -mmp 0 -fa 0 -n 128 -p 0 -r 3 -o json
5482acbca1966109,7B,26,B,19,1024,4,q8_0,0,0,,ok,12.987066,0.022166,"[12.9617, 12.9971, 13.0024]",31.8,30.4,12.88,48,139,405,403,8.30,58,1873,4006,403,39.14,2026-08-16 23:31:46 UTC,C:/Users/Federico/Documents/evo-compress/tools/llamacpp-b10098/llama-bench.exe -m D:/evo-compress-data/gguf/Qwen2.5-7B-Instruct-Q4_K_M.gguf -ngl 19 -ub 1024 -t 4 -ctk q8_0 -ctv f16 -b 2048 -mmp 0 -fa 0 -n 128 -p 0 -r 3 -o json
95d9fe603da33532,7B,26,AB_ngl,19,2048,2,q8_0,0,0,,ok,11.230043,0.066049,"[11.2586, 11.277, 11.1545]",36.4,30.3,12.88,51,139,405,403,8.59,56,1657,4006,403,33.19,2026-08-16 23:32:53 UTC,C:/Users/Federico/Documents/evo-compress/tools/llamacpp-b10098/llama-bench.exe -m D:/evo-compress-data/gguf/Qwen2.5-7B-Instruct-Q4_K_M.gguf -ngl 19 -ub 2048 -t 2 -ctk q8_0 -ctv f16 -b 2048 -mmp 0 -fa 0 -n 128 -p 0 -r 3 -o json
f5cb836cf0ecfb27,7B,26,AB_ub,9,1024,2,q8_0,0,0,,ok,7.150407,0.113055,"[7.2809, 7.0841, 7.0862]",56.2,30.3,12.88,51,139,405,403,8.20,52,885,3802,402,26.00,2026-08-16 23:34:20 UTC,C:/Users/Federico/Documents/evo-compress/tools/llamacpp-b10098/llama-bench.exe -m D:/evo-compress-data/gguf/Qwen2.5-7B-Instruct-Q4_K_M.gguf -ngl 9 -ub 1024 -t 2 -ctk q8_0 -ctv f16 -b 2048 -mmp 0 -fa 0 -n 128 -p 0 -r 3 -o json
6b82c6ff4dd90317,7B,26,AB_t,9,2048,4,q8_0,0,0,,ok,8.430164,0.240325,"[8.7055, 8.2624, 8.3226]",48.0,30.4,12.89,48,139,405,402,8.49,50,898,3802,402,25.73,2026-08-16 23:35:39 UTC,C:/Users/Federico/Documents/evo-compress/tools/llamacpp-b10098/llama-bench.exe -m D:/evo-compress-data/gguf/Qwen2.5-7B-Instruct-Q4_K_M.gguf -ngl 9 -ub 2048 -t 4 -ctk q8_0 -ctv f16 -b 2048 -mmp 0 -fa 0 -n 128 -p 0 -r 3 -o json
b1162b8d6ea4a2c9,7B,26,AB_ctk,9,2048,2,q8_0,0,0,,ok,7.157062,0.10951,"[7.2817, 7.0762, 7.1134]",56.1,30.4,12.89,47,139,405,402,8.49,49,898,3802,402,25.81,2026-08-16 23:37:06 UTC,C:/Users/Federico/Documents/evo-compress/tools/llamacpp-b10098/llama-bench.exe -m D:/evo-compress-data/gguf/Qwen2.5-7B-Instruct-Q4_K_M.gguf -ngl 9 -ub 2048 -t 2 -ctk q8_0 -ctv f16 -b 2048 -mmp 0 -fa 0 -n 128 -p 0 -r 3 -o json
88f636a69ec50a95,7B,27,A,0,128,4,f16,0,0,,ok,6.849206,0.019537,"[6.8429, 6.8711, 6.8336]",58.5,30.4,12.9,46,139,405,402,8.68,43,139,405,402,8.87,2026-08-16 23:38:35 UTC,C:/Users/Federico/Documents/evo-compress/tools/llamacpp-b10098/llama-bench.exe -m D:/evo-compress-data/gguf/Qwen2.5-7B-Instruct-Q4_K_M.gguf -ngl 0 -ub 128 -t 4 -ctk f16 -ctv f16 -b 2048 -mmp 0 -fa 0 -n 128 -p 0 -r 3 -o json
ae513f6240e4687d,7B,27,B,99,1024,3,q8_0,0,0,,ok,22.4801,0.027541,"[22.4488, 22.5007, 22.4908]",19.2,30.4,12.88,42,139,405,402,8.68,57,1847,4006,402,37.89,2026-08-16 23:39:25 UTC,C:/Users/Federico/Documents/evo-compress/tools/llamacpp-b10098/llama-bench.exe -m D:/evo-compress-data/gguf/Qwen2.5-7B-Instruct-Q4_K_M.gguf -ngl 99 -ub 1024 -t 3 -ctk q8_0 -ctv f16 -b 2048 -mmp 0 -fa 0 -n 128 -p 0 -r 3 -o json
da9c31bb1440c254,7B,27,AB_ngl,99,128,4,f16,0,0,,ok,22.248522,0.022659,"[22.2295, 22.2736, 22.2425]",19.4,30.4,12.76,47,139,405,402,9.07,61,1835,4006,402,38.75,2026-08-16 23:40:16 UTC,C:/Users/Federico/Documents/evo-compress/tools/llamacpp-b10098/llama-bench.exe -m D:/evo-compress-data/gguf/Qwen2.5-7B-Instruct-Q4_K_M.gguf -ngl 99 -ub 128 -t 4 -ctk f16 -ctv f16 -b 2048 -mmp 0 -fa 0 -n 128 -p 0 -r 3 -o json
60cbe96bb41a45d7,7B,27,AB_ub,0,1024,4,f16,0,0,,ok,6.893293,0.04411,"[6.8461, 6.9335, 6.9003]",58.2,30.4,12.77,50,139,405,402,8.97,46,139,405,404,9.07,2026-08-16 23:41:45 UTC,C:/Users/Federico/Documents/evo-compress/tools/llamacpp-b10098/llama-bench.exe -m D:/evo-compress-data/gguf/Qwen2.5-7B-Instruct-Q4_K_M.gguf -ngl 0 -ub 1024 -t 4 -ctk f16 -ctv f16 -b 2048 -mmp 0 -fa 0 -n 128 -p 0 -r 3 -o json
8861b5e6783d6b78,7B,27,AB_t,0,128,3,f16,0,0,,ok,6.662397,0.05163,"[6.6028, 6.6933, 6.6911]",60.1,30.3,12.76,45,139,405,402,8.49,43,139,405,402,8.78,2026-08-16 23:43:16 UTC,C:/Users/Federico/Documents/evo-compress/tools/llamacpp-b10098/llama-bench.exe -m D:/evo-compress-data/gguf/Qwen2.5-7B-Instruct-Q4_K_M.gguf -ngl 0 -ub 128 -t 3 -ctk f16 -ctv f16 -b 2048 -mmp 0 -fa 0 -n 128 -p 0 -r 3 -o json
e290f0ab20c2e5ed,7B,27,AB_ctk,0,128,4,q8_0,0,0,,ok,6.899499,0.049857,"[6.8419, 6.9276, 6.929]",58.1,30.4,12.76,42,139,405,402,8.11,41,139,405,402,8.88,2026-08-16 23:44:45 UTC,C:/Users/Federico/Documents/evo-compress/tools/llamacpp-b10098/llama-bench.exe -m D:/evo-compress-data/gguf/Qwen2.5-7B-Instruct-Q4_K_M.gguf -ngl 0 -ub 128 -t 4 -ctk q8_0 -ctv f16 -b 2048 -mmp 0 -fa 0 -n 128 -p 0 -r 3 -o json
1a040b5fbad007ed,7B,28,A,9,1024,2,f16,0,0,,ok,7.115126,0.177444,"[7.3194, 6.9997, 7.0262]",56.5,30.4,12.76,40,139,405,402,8.49,44,860,3802,402,25.33,2026-08-16 23:46:12 UTC,C:/Users/Federico/Documents/evo-compress/tools/llamacpp-b10098/llama-bench.exe -m D:/evo-compress-data/gguf/Qwen2.5-7B-Instruct-Q4_K_M.gguf -ngl 9 -ub 1024 -t 2 -ctk f16 -ctv f16 -b 2048 -mmp 0 -fa 0 -n 128 -p 0 -r 3 -o json
bef1e561dfd20993,7B,28,B,9,128,2,f16,0,0,,ok,7.083282,0.120068,"[7.2205, 7.0321, 6.9973]",56.7,30.4,12.77,42,139,405,402,8.30,45,860,3802,402,25.52,2026-08-16 23:47:39 UTC,C:/Users/Federico/Documents/evo-compress/tools/llamacpp-b10098/llama-bench.exe -m D:/evo-compress-data/gguf/Qwen2.5-7B-Instruct-Q4_K_M.gguf -ngl 9 -ub 128 -t 2 -ctk f16 -ctv f16 -b 2048 -mmp 0 -fa 0 -n 128 -p 0 -r 3 -o json
6fad3aed0bebd369,7B,28,AB_ngl,9,1024,2,f16,0,0,,ok,7.079974,0.09597,"[7.1906, 7.0296, 7.0197]",56.8,30.4,12.76,43,139,405,402,8.58,45,885,3802,402,25.62,2026-08-16 23:49:07 UTC,C:/Users/Federico/Documents/evo-compress/tools/llamacpp-b10098/llama-bench.exe -m D:/evo-compress-data/gguf/Qwen2.5-7B-Instruct-Q4_K_M.gguf -ngl 9 -ub 1024 -t 2 -ctk f16 -ctv f16 -b 2048 -mmp 0 -fa 0 -n 128 -p 0 -r 3 -o json
e1c0c4d69a81a698,7B,28,AB_ub,9,128,2,f16,0,0,,ok,7.120501,0.12558,"[7.2655, 7.0472, 7.0487]",56.4,30.4,12.76,43,139,405,402,8.20,46,885,3802,404,25.52,2026-08-16 23:50:34 UTC,C:/Users/Federico/Documents/evo-compress/tools/llamacpp-b10098/llama-bench.exe -m D:/evo-compress-data/gguf/Qwen2.5-7B-Instruct-Q4_K_M.gguf -ngl 9 -ub 128 -t 2 -ctk f16 -ctv f16 -b 2048 -mmp 0 -fa 0 -n 128 -p 0 -r 3 -o json
70cfcb1f76a0bacd,7B,28,AB_t,9,1024,2,f16,0,0,,ok,7.077864,0.123549,"[7.2196, 6.9929, 7.0211]",56.7,30.4,12.79,43,139,405,404,8.40,46,885,3802,404,25.52,2026-08-16 23:52:01 UTC,C:/Users/Federico/Documents/evo-compress/tools/llamacpp-b10098/llama-bench.exe -m D:/evo-compress-data/gguf/Qwen2.5-7B-Instruct-Q4_K_M.gguf -ngl 9 -ub 1024 -t 2 -ctk f16 -ctv f16 -b 2048 -mmp 0 -fa 0 -n 128 -p 0 -r 3 -o json
caf6b9895185dda8,7B,28,AB_ctk,9,1024,2,f16,0,0,,ok,6.943919,0.087694,"[6.8531, 6.9505, 7.0281]",57.8,30.4,12.78,43,139,405,404,8.30,46,885,3802,412,25.53,2026-08-16 23:53:30 UTC,C:/Users/Federico/Documents/evo-compress/tools/llamacpp-b10098/llama-bench.exe -m D:/evo-compress-data/gguf/Qwen2.5-7B-Instruct-Q4_K_M.gguf -ngl 9 -ub 1024 -t 2 -ctk f16 -ctv f16 -b 2048 -mmp 0 -fa 0 -n 128 -p 0 -r 3 -o json
d4bf1570c0b4928b,7B,29,A,0,512,1,f16,0,0,,ok,3.143945,0.013625,"[3.1486, 3.1546, 3.1286]",124.8,30.3,12.34,43,139,405,410,8.49,39,139,405,427,8.68,2026-08-16 23:56:06 UTC,C:/Users/Federico/Documents/evo-compress/tools/llamacpp-b10098/llama-bench.exe -m D:/evo-compress-data/gguf/Qwen2.5-7B-Instruct-Q4_K_M.gguf -ngl 0 -ub 512 -t 1 -ctk f16 -ctv f16 -b 2048 -mmp 0 -fa 0 -n 128 -p 0 -r 3 -o json
b797021e3facece1,7B,29,B,99,2048,3,q8_0,0,0,,ok,22.465639,0.019081,"[22.4586, 22.4872, 22.4511]",19.3,30.3,12.37,38,139,405,427,7.53,53,1847,4006,427,37.51,2026-08-16 23:56:56 UTC,C:/Users/Federico/Documents/evo-compress/tools/llamacpp-b10098/llama-bench.exe -m D:/evo-compress-data/gguf/Qwen2.5-7B-Instruct-Q4_K_M.gguf -ngl 99 -ub 2048 -t 3 -ctk q8_0 -ctv f16 -b 2048 -mmp 0 -fa 0 -n 128 -p 0 -r 3 -o json
5a2ac3caa54f7a29,7B,29,AB_ngl,99,512,1,f16,0,0,,ok,22.27049,0.055651,"[22.3154, 22.2879, 22.2082]",19.5,30.3,12.26,44,139,405,431,8.49,58,1822,4006,432,37.40,2026-08-16 23:57:46 UTC,C:/Users/Federico/Documents/evo-compress/tools/llamacpp-b10098/llama-bench.exe -m D:/evo-compress-data/gguf/Qwen2.5-7B-Instruct-Q4_K_M.gguf -ngl 99 -ub 512 -t 1 -ctk f16 -ctv f16 -b 2048 -mmp 0 -fa 0 -n 128 -p 0 -r 3 -o json
ac58d718621651ea,7B,29,AB_ub,0,2048,1,f16,0,0,,ok,3.073472,0.0878,"[2.9721, 3.1245, 3.1239]",128.2,30.4,12.14,48,139,405,430,8.49,42,139,405,430,8.59,2026-08-17 00:00:25 UTC,C:/Users/Federico/Documents/evo-compress/tools/llamacpp-b10098/llama-bench.exe -m D:/evo-compress-data/gguf/Qwen2.5-7B-Instruct-Q4_K_M.gguf -ngl 0 -ub 2048 -t 1 -ctk f16 -ctv f16 -b 2048 -mmp 0 -fa 0 -n 128 -p 0 -r 3 -o json
42d8ba3ce6fde35d,7B,29,AB_t,0,512,3,f16,0,0,,ok,6.664285,0.026553,"[6.6441, 6.6944, 6.6544]",69.5,30.3,12.74,41,139,405,430,8.49,40,139,405,429,8.78,2026-08-17 00:02:06 UTC,C:/Users/Federico/Documents/evo-compress/tools/llamacpp-b10098/llama-bench.exe -m D:/evo-compress-data/gguf/Qwen2.5-7B-Instruct-Q4_K_M.gguf -ngl 0 -ub 512 -t 3 -ctk f16 -ctv f16 -b 2048 -mmp 0 -fa 0 -n 128 -p 0 -r 3 -o json
dba9690e79a74dd2,7B,29,AB_ctk,0,512,1,q8_0,0,0,,ok,3.16561,0.011111,"[3.1528, 3.1714, 3.1726]",124.0,30.4,12.75,39,139,405,429,8.30,38,139,405,430,8.49,2026-08-17 00:04:40 UTC,C:/Users/Federico/Documents/evo-compress/tools/llamacpp-b10098/llama-bench.exe -m D:/evo-compress-data/gguf/Qwen2.5-7B-Instruct-Q4_K_M.gguf -ngl 0 -ub 512 -t 1 -ctk q8_0 -ctv f16 -b 2048 -mmp 0 -fa 0 -n 128 -p 0 -r 3 -o json
44bc1e063e50cc8d,7B,30,A,99,1024,4,q8_0,0,0,,ok,22.423425,0.098776,"[22.5186, 22.3214, 22.4302]",19.4,30.3,12.76,37,139,405,430,7.44,52,1873,4006,430,38.55,2026-08-17 00:05:31 UTC,C:/Users/Federico/Documents/evo-compress/tools/llamacpp-b10098/llama-bench.exe -m D:/evo-compress-data/gguf/Qwen2.5-7B-Instruct-Q4_K_M.gguf -ngl 99 -ub 1024 -t 4 -ctk q8_0 -ctv f16 -b 2048 -mmp 0 -fa 0 -n 128 -p 0 -r 3 -o json
86aa70d8320a5d1f,7B,30,B,19,512,4,q8_0,0,0,,ok,12.995389,0.09466,"[12.9115, 12.9767, 13.098]",31.8,30.3,12.8,43,139,405,430,8.20,53,1873,4006,427,38.66,2026-08-17 00:06:33 UTC,C:/Users/Federico/Documents/evo-compress/tools/llamacpp-b10098/llama-bench.exe -m D:/evo-compress-data/gguf/Qwen2.5-7B-Instruct-Q4_K_M.gguf -ngl 19 -ub 512 -t 4 -ctk q8_0 -ctv f16 -b 2048 -mmp 0 -fa 0 -n 128 -p 0 -r 3 -o json
896eed074d77c65a,7B,30,AB_ngl,19,1024,4,q8_0,0,0,,ok,13.059369,0.004913,"[13.0537, 13.0626, 13.0618]",31.6,30.4,12.79,47,139,405,427,8.78,56,1860,4006,427,38.66,2026-08-17 00:07:36 UTC,C:/Users/Federico/Documents/evo-compress/tools/llamacpp-b10098/llama-bench.exe -m D:/evo-compress-data/gguf/Qwen2.5-7B-Instruct-Q4_K_M.gguf -ngl 19 -ub 1024 -t 4 -ctk q8_0 -ctv f16 -b 2048 -mmp 0 -fa 0 -n 128 -p 0 -r 3 -o json
f8a08f2f7f4f79fd,7B,30,AB_ub,99,512,4,q8_0,0,0,,ok,22.394747,0.011476,"[22.4009, 22.4018, 22.3815]",19.3,30.4,12.79,49,139,405,427,8.87,62,1809,4006,427,37.99,2026-08-17 00:08:26 UTC,C:/Users/Federico/Documents/evo-compress/tools/llamacpp-b10098/llama-bench.exe -m D:/evo-compress-data/gguf/Qwen2.5-7B-Instruct-Q4_K_M.gguf -ngl 99 -ub 512 -t 4 -ctk q8_0 -ctv f16 -b 2048 -mmp 0 -fa 0 -n 128 -p 0 -r 3 -o json
87be0d53bb8f0908,7B,30,AB_t,99,1024,4,q8_0,0,0,,ok,22.349403,0.033345,"[22.3877, 22.3266, 22.3339]",19.3,30.4,12.73,52,139,405,426,8.97,64,1822,4006,426,39.04,2026-08-17 00:09:16 UTC,C:/Users/Federico/Documents/evo-compress/tools/llamacpp-b10098/llama-bench.exe -m D:/evo-compress-data/gguf/Qwen2.5-7B-Instruct-Q4_K_M.gguf -ngl 99 -ub 1024 -t 4 -ctk q8_0 -ctv f16 -b 2048 -mmp 0 -fa 0 -n 128 -p 0 -r 3 -o json
90e0c12ba5d720a5,7B,30,AB_ctk,99,1024,4,q8_0,0,0,,ok,22.347797,0.032807,"[22.3778, 22.3528, 22.3128]",19.3,35.4,12.75,52,139,405,426,8.97,65,1809,4006,428,38.75,2026-08-17 00:10:11 UTC,C:/Users/Federico/Documents/evo-compress/tools/llamacpp-b10098/llama-bench.exe -m D:/evo-compress-data/gguf/Qwen2.5-7B-Instruct-Q4_K_M.gguf -ngl 99 -ub 1024 -t 4 -ctk q8_0 -ctv f16 -b 2048 -mmp 0 -fa 0 -n 128 -p 0 -r 3 -o json
92cb158a6be34a10,7B,31,A,99,2048,3,f16,0,0,,ok,22.195713,0.029485,"[22.2293, 22.1839, 22.174]",19.4,40.5,12.77,52,139,405,425,9.07,64,1809,4006,425,38.75,2026-08-17 00:11:11 UTC,C:/Users/Federico/Documents/evo-compress/tools/llamacpp-b10098/llama-bench.exe -m D:/evo-compress-data/gguf/Qwen2.5-7B-Instruct-Q4_K_M.gguf -ngl 99 -ub 2048 -t 3 -ctk f16 -ctv f16 -b 2048 -mmp 0 -fa 0 -n 128 -p 0 -r 3 -o json
8104a89054c2c660,7B,31,B,99,1024,1,f16,0,0,,ok,22.181163,0.011886,"[22.1745, 22.1949, 22.1741]",19.5,35.4,12.76,52,139,405,425,8.68,65,1822,4006,425,38.93,2026-08-17 00:12:06 UTC,C:/Users/Federico/Documents/evo-compress/tools/llamacpp-b10098/llama-bench.exe -m D:/evo-compress-data/gguf/Qwen2.5-7B-Instruct-Q4_K_M.gguf -ngl 99 -ub 1024 -t 1 -ctk f16 -ctv f16 -b 2048 -mmp 0 -fa 0 -n 128 -p 0 -r 3 -o json
6f0da96cf11bd4f9,7B,31,AB_ngl,99,2048,3,f16,0,0,,ok,22.211009,0.027399,"[22.2418, 22.2017, 22.1895]",19.4,35.4,12.75,52,139,405,425,8.68,65,1809,4006,424,38.37,2026-08-17 00:13:02 UTC,C:/Users/Federico/Documents/evo-compress/tools/llamacpp-b10098/llama-bench.exe -m D:/evo-compress-data/gguf/Qwen2.5-7B-Instruct-Q4_K_M.gguf -ngl 99 -ub 2048 -t 3 -ctk f16 -ctv f16 -b 2048 -mmp 0 -fa 0 -n 128 -p 0 -r 3 -o json
fc678d8639c26cd7,7B,31,AB_ub,99,1024,3,f16,0,0,,ok,22.19232,0.038866,"[22.2363, 22.1778, 22.1628]",19.4,35.4,12.76,52,139,405,424,9.74,65,1847,4006,424,39.99,2026-08-17 00:13:57 UTC,C:/Users/Federico/Documents/evo-compress/tools/llamacpp-b10098/llama-bench.exe -m D:/evo-compress-data/gguf/Qwen2.5-7B-Instruct-Q4_K_M.gguf -ngl 99 -ub 1024 -t 3 -ctk f16 -ctv f16 -b 2048 -mmp 0 -fa 0 -n 128 -p 0 -r 3 -o json
0f73eb02f2f04231,7B,31,AB_t,99,2048,1,f16,0,0,,ok,22.207106,0.025247,"[22.2343, 22.2027, 22.1844]",19.4,35.4,12.76,52,139,405,424,9.16,65,1822,4006,424,39.12,2026-08-17 00:14:52 UTC,C:/Users/Federico/Documents/evo-compress/tools/llamacpp-b10098/llama-bench.exe -m D:/evo-compress-data/gguf/Qwen2.5-7B-Instruct-Q4_K_M.gguf -ngl 99 -ub 2048 -t 1 -ctk f16 -ctv f16 -b 2048 -mmp 0 -fa 0 -n 128 -p 0 -r 3 -o json
2c6b0b33652b7b45,7B,31,AB_ctk,99,2048,3,f16,0,0,,ok,22.197557,0.026767,"[22.2254, 22.1953, 22.172]",19.4,35.4,12.76,52,139,405,423,8.97,65,1847,4006,423,40.27,2026-08-17 00:15:47 UTC,C:/Users/Federico/Documents/evo-compress/tools/llamacpp-b10098/llama-bench.exe -m D:/evo-compress-data/gguf/Qwen2.5-7B-Instruct-Q4_K_M.gguf -ngl 99 -ub 2048 -t 3 -ctk f16 -ctv f16 -b 2048 -mmp 0 -fa 0 -n 128 -p 0 -r 3 -o json
