run_id,model,traj,pos,changed_factor,ngl,ub,t,ctk,mmp,fa,moe_cpu_frac,status,tok_s,stddev_ts,reps_tok_s,wall_s,settle_s,free_ram_gb_pre,temp_pre,sm_mhz_pre,mem_mhz_pre,vram_mib_pre,power_w_pre,temp_post,sm_mhz_post,mem_mhz_post,vram_mib_post,power_w_post,ts_utc,cmd
a76b038e46db6d16,7B,0,0,base,0,128,2,q8_0,1,0,,ok,5.669395,0.029897,"[5.6379, 5.6728, 5.6975]",70.0,30.3,12.27,41,1885,4006,391,36.83,37,139,405,393,8.39,2026-08-16 14:20:07 UTC,C:/Users/Federico/Documents/evo-compress/tools/llamacpp-b10098/llama-bench.exe -m D:/evo-compress-data/gguf/Qwen2.5-7B-Instruct-Q4_K_M.gguf -ngl 0 -ub 128 -t 2 -ctk q8_0 -ctv f16 -b 2048 -mmp 1 -fa 0 -n 128 -p 0 -r 3 -o json
0b742b29d4311442,7B,0,1,ngl,19,128,2,q8_0,1,0,,ok,11.127923,0.040043,"[11.0828, 11.1592, 11.1418]",37.6,30.4,12.47,37,139,405,390,8.01,44,1582,4006,390,30.89,2026-08-16 14:21:15 UTC,C:/Users/Federico/Documents/evo-compress/tools/llamacpp-b10098/llama-bench.exe -m D:/evo-compress-data/gguf/Qwen2.5-7B-Instruct-Q4_K_M.gguf -ngl 19 -ub 128 -t 2 -ctk q8_0 -ctv f16 -b 2048 -mmp 1 -fa 0 -n 128 -p 0 -r 3 -o json
8dcb95d2fccd01d1,7B,0,2,mmp,19,128,2,q8_0,0,0,,ok,11.124631,0.042512,"[11.1737, 11.1018, 11.0984]",36.8,30.4,12.47,41,139,405,390,8.30,47,1594,4006,390,31.08,2026-08-16 14:22:23 UTC,C:/Users/Federico/Documents/evo-compress/tools/llamacpp-b10098/llama-bench.exe -m D:/evo-compress-data/gguf/Qwen2.5-7B-Instruct-Q4_K_M.gguf -ngl 19 -ub 128 -t 2 -ctk q8_0 -ctv f16 -b 2048 -mmp 0 -fa 0 -n 128 -p 0 -r 3 -o json
42c23ce33528255a,7B,0,3,t,19,128,4,q8_0,0,0,,ok,13.064028,0.007566,"[13.057, 13.072, 13.0631]",31.6,30.4,12.46,43,139,405,390,8.59,54,1873,4006,390,38.57,2026-08-16 14:23:25 UTC,C:/Users/Federico/Documents/evo-compress/tools/llamacpp-b10098/llama-bench.exe -m D:/evo-compress-data/gguf/Qwen2.5-7B-Instruct-Q4_K_M.gguf -ngl 19 -ub 128 -t 4 -ctk q8_0 -ctv f16 -b 2048 -mmp 0 -fa 0 -n 128 -p 0 -r 3 -o json
8739b12e3ddfd1aa,7B,0,4,ctk,19,128,4,f16,0,0,,ok,12.981003,0.076622,"[12.9756, 12.9072, 13.0602]",31.8,30.4,12.47,47,139,405,390,8.78,57,1860,4006,390,38.45,2026-08-16 14:24:28 UTC,C:/Users/Federico/Documents/evo-compress/tools/llamacpp-b10098/llama-bench.exe -m D:/evo-compress-data/gguf/Qwen2.5-7B-Instruct-Q4_K_M.gguf -ngl 19 -ub 128 -t 4 -ctk f16 -ctv f16 -b 2048 -mmp 0 -fa 0 -n 128 -p 0 -r 3 -o json
229f07f481798f8b,7B,0,5,fa,19,128,4,f16,0,1,,ok,13.150985,0.013062,"[13.136, 13.1574, 13.1596]",31.5,30.4,12.45,49,139,405,390,8.97,59,1860,4006,390,38.93,2026-08-16 14:25:30 UTC,C:/Users/Federico/Documents/evo-compress/tools/llamacpp-b10098/llama-bench.exe -m D:/evo-compress-data/gguf/Qwen2.5-7B-Instruct-Q4_K_M.gguf -ngl 19 -ub 128 -t 4 -ctk f16 -ctv f16 -b 2048 -mmp 0 -fa 1 -n 128 -p 0 -r 3 -o json
ad7fe6f77dd53205,7B,0,6,ub,19,1024,4,f16,0,1,,ok,13.062054,0.074844,"[13.0761, 13.1289, 12.9812]",31.6,30.4,12.46,51,139,405,390,8.88,60,1860,4006,393,39.22,2026-08-16 14:26:32 UTC,C:/Users/Federico/Documents/evo-compress/tools/llamacpp-b10098/llama-bench.exe -m D:/evo-compress-data/gguf/Qwen2.5-7B-Instruct-Q4_K_M.gguf -ngl 19 -ub 1024 -t 4 -ctk f16 -ctv f16 -b 2048 -mmp 0 -fa 1 -n 128 -p 0 -r 3 -o json
e18ee93665293d7f,7B,1,0,base,9,2048,2,f16,0,0,,ok,7.057538,0.135369,"[7.212, 7.0013, 6.9594]",56.9,30.3,12.47,52,139,405,393,8.30,52,873,3802,392,25.91,2026-08-16 14:28:00 UTC,C:/Users/Federico/Documents/evo-compress/tools/llamacpp-b10098/llama-bench.exe -m D:/evo-compress-data/gguf/Qwen2.5-7B-Instruct-Q4_K_M.gguf -ngl 9 -ub 2048 -t 2 -ctk f16 -ctv f16 -b 2048 -mmp 0 -fa 0 -n 128 -p 0 -r 3 -o json
792e92444560892d,7B,1,1,ub,9,512,2,f16,0,0,,ok,7.07836,0.149152,"[7.2486, 7.0158, 6.9707]",56.8,30.3,12.46,49,139,405,392,7.82,50,873,3802,392,25.81,2026-08-16 14:29:28 UTC,C:/Users/Federico/Documents/evo-compress/tools/llamacpp-b10098/llama-bench.exe -m D:/evo-compress-data/gguf/Qwen2.5-7B-Instruct-Q4_K_M.gguf -ngl 9 -ub 512 -t 2 -ctk f16 -ctv f16 -b 2048 -mmp 0 -fa 0 -n 128 -p 0 -r 3 -o json
ece250619dfe2aeb,7B,1,2,t,9,512,4,f16,0,0,,ok,8.277249,0.121857,"[8.4179, 8.2082, 8.2056]",48.8,30.4,12.47,47,139,405,390,8.59,49,898,3802,390,25.91,2026-08-16 14:30:47 UTC,C:/Users/Federico/Documents/evo-compress/tools/llamacpp-b10098/llama-bench.exe -m D:/evo-compress-data/gguf/Qwen2.5-7B-Instruct-Q4_K_M.gguf -ngl 9 -ub 512 -t 4 -ctk f16 -ctv f16 -b 2048 -mmp 0 -fa 0 -n 128 -p 0 -r 3 -o json
3cc540e6690bda45,7B,1,3,ctk,9,512,4,q8_0,0,0,,ok,8.355488,0.185479,"[8.5683, 8.2282, 8.2699]",48.4,30.4,12.46,46,139,405,390,8.59,49,898,3802,390,25.81,2026-08-16 14:32:06 UTC,C:/Users/Federico/Documents/evo-compress/tools/llamacpp-b10098/llama-bench.exe -m D:/evo-compress-data/gguf/Qwen2.5-7B-Instruct-Q4_K_M.gguf -ngl 9 -ub 512 -t 4 -ctk q8_0 -ctv f16 -b 2048 -mmp 0 -fa 0 -n 128 -p 0 -r 3 -o json
77aeb26c084e6727,7B,1,4,fa,9,512,4,q8_0,0,1,,ok,8.365155,0.235682,"[8.6349, 8.1991, 8.2614]",48.3,30.4,12.47,46,139,405,390,8.40,48,898,3802,390,25.62,2026-08-16 14:33:26 UTC,C:/Users/Federico/Documents/evo-compress/tools/llamacpp-b10098/llama-bench.exe -m D:/evo-compress-data/gguf/Qwen2.5-7B-Instruct-Q4_K_M.gguf -ngl 9 -ub 512 -t 4 -ctk q8_0 -ctv f16 -b 2048 -mmp 0 -fa 1 -n 128 -p 0 -r 3 -o json
0497068333d778c7,7B,1,5,ngl,99,512,4,q8_0,0,1,,ok,20.331741,0.047334,"[20.3851, 20.3152, 20.2949]",21.0,30.4,12.47,45,139,405,390,8.59,60,1860,4006,390,39.30,2026-08-16 14:34:17 UTC,C:/Users/Federico/Documents/evo-compress/tools/llamacpp-b10098/llama-bench.exe -m D:/evo-compress-data/gguf/Qwen2.5-7B-Instruct-Q4_K_M.gguf -ngl 99 -ub 512 -t 4 -ctk q8_0 -ctv f16 -b 2048 -mmp 0 -fa 1 -n 128 -p 0 -r 3 -o json
e6764068a3b38922,7B,1,6,mmp,99,512,4,q8_0,1,1,,ok,20.232263,0.026953,"[20.2122, 20.2629, 20.2217]",22.5,30.4,12.47,49,139,405,390,8.69,62,1847,4006,390,39.72,2026-08-16 14:35:10 UTC,C:/Users/Federico/Documents/evo-compress/tools/llamacpp-b10098/llama-bench.exe -m D:/evo-compress-data/gguf/Qwen2.5-7B-Instruct-Q4_K_M.gguf -ngl 99 -ub 512 -t 4 -ctk q8_0 -ctv f16 -b 2048 -mmp 1 -fa 1 -n 128 -p 0 -r 3 -o json
43f40e5467b87489,7B,2,0,base,99,128,3,q8_0,1,0,,ok,22.34328,0.015981,"[22.3474, 22.3568, 22.3257]",20.7,30.4,12.48,52,139,405,390,9.07,63,1847,4006,390,39.78,2026-08-16 14:36:02 UTC,C:/Users/Federico/Documents/evo-compress/tools/llamacpp-b10098/llama-bench.exe -m D:/evo-compress-data/gguf/Qwen2.5-7B-Instruct-Q4_K_M.gguf -ngl 99 -ub 128 -t 3 -ctk q8_0 -ctv f16 -b 2048 -mmp 1 -fa 0 -n 128 -p 0 -r 3 -o json
f24565c6ad87e497,7B,2,1,ngl,9,128,3,q8_0,1,0,,ok,8.453189,0.392194,"[8.7905, 8.5462, 8.0228]",48.0,35.4,12.48,52,139,405,390,9.16,53,885,3802,390,26.01,2026-08-16 14:37:26 UTC,C:/Users/Federico/Documents/evo-compress/tools/llamacpp-b10098/llama-bench.exe -m D:/evo-compress-data/gguf/Qwen2.5-7B-Instruct-Q4_K_M.gguf -ngl 9 -ub 128 -t 3 -ctk q8_0 -ctv f16 -b 2048 -mmp 1 -fa 0 -n 128 -p 0 -r 3 -o json
f6471607cb199f36,7B,2,2,ctk,9,128,3,f16,1,0,,ok,8.053672,0.188724,"[8.2548, 7.8804, 8.0258]",50.3,30.4,12.48,49,139,405,390,8.88,51,898,3802,390,25.91,2026-08-16 14:38:47 UTC,C:/Users/Federico/Documents/evo-compress/tools/llamacpp-b10098/llama-bench.exe -m D:/evo-compress-data/gguf/Qwen2.5-7B-Instruct-Q4_K_M.gguf -ngl 9 -ub 128 -t 3 -ctk f16 -ctv f16 -b 2048 -mmp 1 -fa 0 -n 128 -p 0 -r 3 -o json
aadc713b01075dc6,7B,2,3,mmp,9,128,3,f16,0,0,,ok,8.068505,0.226499,"[8.3287, 7.9154, 7.9615]",50.1,30.4,12.46,48,139,405,390,8.78,50,898,3802,393,25.81,2026-08-16 14:40:08 UTC,C:/Users/Federico/Documents/evo-compress/tools/llamacpp-b10098/llama-bench.exe -m D:/evo-compress-data/gguf/Qwen2.5-7B-Instruct-Q4_K_M.gguf -ngl 9 -ub 128 -t 3 -ctk f16 -ctv f16 -b 2048 -mmp 0 -fa 0 -n 128 -p 0 -r 3 -o json
b802814c1759a8c6,7B,2,4,t,9,128,1,f16,0,0,,ok,4.449262,0.020175,"[4.4591, 4.4261, 4.4627]",88.9,30.4,12.46,47,139,405,393,8.78,51,1506,4006,393,30.51,2026-08-16 14:42:07 UTC,C:/Users/Federico/Documents/evo-compress/tools/llamacpp-b10098/llama-bench.exe -m D:/evo-compress-data/gguf/Qwen2.5-7B-Instruct-Q4_K_M.gguf -ngl 9 -ub 128 -t 1 -ctk f16 -ctv f16 -b 2048 -mmp 0 -fa 0 -n 128 -p 0 -r 3 -o json
a130a47940221129,7B,2,5,ub,9,1024,1,f16,0,0,,ok,4.443732,0.017484,"[4.4371, 4.4306, 4.4636]",89.0,30.4,12.46,48,139,405,390,9.16,52,1506,4006,393,30.60,2026-08-16 14:44:07 UTC,C:/Users/Federico/Documents/evo-compress/tools/llamacpp-b10098/llama-bench.exe -m D:/evo-compress-data/gguf/Qwen2.5-7B-Instruct-Q4_K_M.gguf -ngl 9 -ub 1024 -t 1 -ctk f16 -ctv f16 -b 2048 -mmp 0 -fa 0 -n 128 -p 0 -r 3 -o json
f9d625f526bfbd79,7B,2,6,fa,9,1024,1,f16,0,1,,ok,4.495994,0.019829,"[4.4925, 4.4782, 4.5173]",88.0,30.4,12.47,49,139,405,390,8.69,52,1506,4006,390,30.61,2026-08-16 14:46:06 UTC,C:/Users/Federico/Documents/evo-compress/tools/llamacpp-b10098/llama-bench.exe -m D:/evo-compress-data/gguf/Qwen2.5-7B-Instruct-Q4_K_M.gguf -ngl 9 -ub 1024 -t 1 -ctk f16 -ctv f16 -b 2048 -mmp 0 -fa 1 -n 128 -p 0 -r 3 -o json
c5d305cad49a5893,7B,3,0,base,19,512,3,f16,1,1,,ok,12.722684,0.08228,"[12.7705, 12.7699, 12.6277]",33.2,30.4,12.46,49,139,405,392,8.59,59,1847,4006,392,38.57,2026-08-16 14:47:10 UTC,C:/Users/Federico/Documents/evo-compress/tools/llamacpp-b10098/llama-bench.exe -m D:/evo-compress-data/gguf/Qwen2.5-7B-Instruct-Q4_K_M.gguf -ngl 19 -ub 512 -t 3 -ctk f16 -ctv f16 -b 2048 -mmp 1 -fa 1 -n 128 -p 0 -r 3 -o json
12dfeebcd210ebe7,7B,3,1,mmp,19,512,3,f16,0,1,,ok,12.726731,0.085688,"[12.6282, 12.7839, 12.7681]",32.4,30.4,12.47,52,139,405,393,8.78,60,1847,4006,392,39.04,2026-08-16 14:48:13 UTC,C:/Users/Federico/Documents/evo-compress/tools/llamacpp-b10098/llama-bench.exe -m D:/evo-compress-data/gguf/Qwen2.5-7B-Instruct-Q4_K_M.gguf -ngl 19 -ub 512 -t 3 -ctk f16 -ctv f16 -b 2048 -mmp 0 -fa 1 -n 128 -p 0 -r 3 -o json
63ae98c3438b7f4e,7B,3,2,fa,19,512,3,f16,0,0,,ok,12.634907,0.063278,"[12.6426, 12.694, 12.5681]",32.6,30.4,12.47,52,139,405,392,8.97,61,1847,4006,393,38.95,2026-08-16 14:49:17 UTC,C:/Users/Federico/Documents/evo-compress/tools/llamacpp-b10098/llama-bench.exe -m D:/evo-compress-data/gguf/Qwen2.5-7B-Instruct-Q4_K_M.gguf -ngl 19 -ub 512 -t 3 -ctk f16 -ctv f16 -b 2048 -mmp 0 -fa 0 -n 128 -p 0 -r 3 -o json
f675920a99a52520,7B,3,3,t,19,512,1,f16,0,0,,ok,7.249403,0.07731,"[7.338, 7.2146, 7.1956]",55.3,35.4,12.44,52,139,405,393,8.78,56,1468,4006,393,30.41,2026-08-16 14:50:48 UTC,C:/Users/Federico/Documents/evo-compress/tools/llamacpp-b10098/llama-bench.exe -m D:/evo-compress-data/gguf/Qwen2.5-7B-Instruct-Q4_K_M.gguf -ngl 19 -ub 512 -t 1 -ctk f16 -ctv f16 -b 2048 -mmp 0 -fa 0 -n 128 -p 0 -r 3 -o json
94ef8db1c8ba5b4f,7B,3,4,ctk,19,512,1,q8_0,0,0,,ok,7.368032,0.028457,"[7.3798, 7.3887, 7.3356]",54.4,30.4,12.48,51,139,405,393,8.97,56,1657,4006,393,33.49,2026-08-16 14:52:13 UTC,C:/Users/Federico/Documents/evo-compress/tools/llamacpp-b10098/llama-bench.exe -m D:/evo-compress-data/gguf/Qwen2.5-7B-Instruct-Q4_K_M.gguf -ngl 19 -ub 512 -t 1 -ctk q8_0 -ctv f16 -b 2048 -mmp 0 -fa 0 -n 128 -p 0 -r 3 -o json
4f777dfc4e8389ba,7B,3,5,ub,19,2048,1,q8_0,0,0,,ok,7.318403,0.069229,"[7.3681, 7.3478, 7.2393]",54.8,30.4,12.48,51,139,405,392,9.07,56,1468,4006,393,30.51,2026-08-16 14:53:39 UTC,C:/Users/Federico/Documents/evo-compress/tools/llamacpp-b10098/llama-bench.exe -m D:/evo-compress-data/gguf/Qwen2.5-7B-Instruct-Q4_K_M.gguf -ngl 19 -ub 2048 -t 1 -ctk q8_0 -ctv f16 -b 2048 -mmp 0 -fa 0 -n 128 -p 0 -r 3 -o json
4ef6ea8a397c382a,7B,3,6,ngl,0,2048,1,q8_0,0,0,,ok,3.112376,0.003896,"[3.1163, 3.1085, 3.1123]",126.0,30.4,12.43,52,139,405,393,8.69,45,139,405,393,8.78,2026-08-16 14:56:15 UTC,C:/Users/Federico/Documents/evo-compress/tools/llamacpp-b10098/llama-bench.exe -m D:/evo-compress-data/gguf/Qwen2.5-7B-Instruct-Q4_K_M.gguf -ngl 0 -ub 2048 -t 1 -ctk q8_0 -ctv f16 -b 2048 -mmp 0 -fa 0 -n 128 -p 0 -r 3 -o json
24536360d4d444ac,7B,4,0,base,9,2048,1,f16,1,0,,ok,4.463205,0.005291,"[4.4585, 4.4621, 4.4689]",89.3,30.4,12.43,44,139,405,392,8.59,49,1506,4006,393,30.41,2026-08-16 14:58:15 UTC,C:/Users/Federico/Documents/evo-compress/tools/llamacpp-b10098/llama-bench.exe -m D:/evo-compress-data/gguf/Qwen2.5-7B-Instruct-Q4_K_M.gguf -ngl 9 -ub 2048 -t 1 -ctk f16 -ctv f16 -b 2048 -mmp 1 -fa 0 -n 128 -p 0 -r 3 -o json
79308feb08713d34,7B,4,1,mmp,9,2048,1,f16,0,0,,ok,4.45111,0.017457,"[4.4531, 4.4327, 4.4675]",88.9,30.4,12.43,47,139,405,396,8.20,51,1506,4006,394,30.61,2026-08-16 15:00:15 UTC,C:/Users/Federico/Documents/evo-compress/tools/llamacpp-b10098/llama-bench.exe -m D:/evo-compress-data/gguf/Qwen2.5-7B-Instruct-Q4_K_M.gguf -ngl 9 -ub 2048 -t 1 -ctk f16 -ctv f16 -b 2048 -mmp 0 -fa 0 -n 128 -p 0 -r 3 -o json
828ba28cd7274613,7B,4,2,ctk,9,2048,1,q8_0,0,0,,ok,4.462068,0.021,"[4.4558, 4.4449, 4.4855]",88.6,30.4,12.43,48,139,405,396,8.77,52,1506,4006,396,30.61,2026-08-16 15:02:14 UTC,C:/Users/Federico/Documents/evo-compress/tools/llamacpp-b10098/llama-bench.exe -m D:/evo-compress-data/gguf/Qwen2.5-7B-Instruct-Q4_K_M.gguf -ngl 9 -ub 2048 -t 1 -ctk q8_0 -ctv f16 -b 2048 -mmp 0 -fa 0 -n 128 -p 0 -r 3 -o json
45ac40d54e046c4e,7B,4,3,t,9,2048,3,q8_0,0,0,,ok,8.116083,0.217213,"[8.3649, 7.9644, 8.0189]",49.8,30.4,12.44,49,139,405,396,8.59,51,898,3802,396,26.00,2026-08-16 15:03:35 UTC,C:/Users/Federico/Documents/evo-compress/tools/llamacpp-b10098/llama-bench.exe -m D:/evo-compress-data/gguf/Qwen2.5-7B-Instruct-Q4_K_M.gguf -ngl 9 -ub 2048 -t 3 -ctk q8_0 -ctv f16 -b 2048 -mmp 0 -fa 0 -n 128 -p 0 -r 3 -o json
3406b0a44c31bc2f,7B,4,4,fa,9,2048,3,q8_0,0,1,,ok,8.106599,0.201213,"[8.3304, 7.9407, 8.0486]",49.8,30.4,12.44,47,139,405,396,8.78,50,898,3802,396,25.83,2026-08-16 15:04:56 UTC,C:/Users/Federico/Documents/evo-compress/tools/llamacpp-b10098/llama-bench.exe -m D:/evo-compress-data/gguf/Qwen2.5-7B-Instruct-Q4_K_M.gguf -ngl 9 -ub 2048 -t 3 -ctk q8_0 -ctv f16 -b 2048 -mmp 0 -fa 1 -n 128 -p 0 -r 3 -o json
e7941522ec1d1809,7B,4,5,ub,9,512,3,q8_0,0,1,,ok,8.139602,0.209724,"[8.3789, 8.0521, 7.9878]",49.6,30.4,12.47,46,139,405,396,8.68,49,898,3802,396,25.71,2026-08-16 15:06:16 UTC,C:/Users/Federico/Documents/evo-compress/tools/llamacpp-b10098/llama-bench.exe -m D:/evo-compress-data/gguf/Qwen2.5-7B-Instruct-Q4_K_M.gguf -ngl 9 -ub 512 -t 3 -ctk q8_0 -ctv f16 -b 2048 -mmp 0 -fa 1 -n 128 -p 0 -r 3 -o json
812cd66d5bb2a9cc,7B,4,6,ngl,99,512,3,q8_0,0,1,,ok,20.559642,0.039736,"[20.5993, 20.5198, 20.5598]",20.8,30.4,12.46,46,139,405,394,8.40,60,1847,4006,396,39.14,2026-08-16 15:07:08 UTC,C:/Users/Federico/Documents/evo-compress/tools/llamacpp-b10098/llama-bench.exe -m D:/evo-compress-data/gguf/Qwen2.5-7B-Instruct-Q4_K_M.gguf -ngl 99 -ub 512 -t 3 -ctk q8_0 -ctv f16 -b 2048 -mmp 0 -fa 1 -n 128 -p 0 -r 3 -o json
d12cfb69c7eb144f,7B,5,0,base,0,128,2,f16,1,0,,ok,5.675399,0.015228,"[5.6847, 5.6578, 5.6837]",69.9,30.4,12.45,50,139,405,396,8.78,46,139,405,396,9.07,2026-08-16 15:08:48 UTC,C:/Users/Federico/Documents/evo-compress/tools/llamacpp-b10098/llama-bench.exe -m D:/evo-compress-data/gguf/Qwen2.5-7B-Instruct-Q4_K_M.gguf -ngl 0 -ub 128 -t 2 -ctk f16 -ctv f16 -b 2048 -mmp 1 -fa 0 -n 128 -p 0 -r 3 -o json
76bc423ab0af03e7,7B,5,1,fa,0,128,2,f16,1,1,,ok,5.723586,0.016357,"[5.7238, 5.7398, 5.7071]",69.3,30.3,12.43,44,139,405,394,8.30,42,139,405,396,8.88,2026-08-16 15:10:28 UTC,C:/Users/Federico/Documents/evo-compress/tools/llamacpp-b10098/llama-bench.exe -m D:/evo-compress-data/gguf/Qwen2.5-7B-Instruct-Q4_K_M.gguf -ngl 0 -ub 128 -t 2 -ctk f16 -ctv f16 -b 2048 -mmp 1 -fa 1 -n 128 -p 0 -r 3 -o json
e21fa8067ffbc210,7B,5,2,t,0,128,4,f16,1,1,,ok,6.92641,0.030142,"[6.8918, 6.9472, 6.9402]",57.3,30.3,12.45,41,139,405,396,8.68,40,139,405,394,9.07,2026-08-16 15:11:57 UTC,C:/Users/Federico/Documents/evo-compress/tools/llamacpp-b10098/llama-bench.exe -m D:/evo-compress-data/gguf/Qwen2.5-7B-Instruct-Q4_K_M.gguf -ngl 0 -ub 128 -t 4 -ctk f16 -ctv f16 -b 2048 -mmp 1 -fa 1 -n 128 -p 0 -r 3 -o json
cd34212c7807a7ff,7B,5,3,ub,0,1024,4,f16,1,1,,ok,6.967329,0.019009,"[6.9798, 6.9767, 6.9455]",57.0,30.3,12.45,40,139,405,394,8.11,39,139,405,394,8.88,2026-08-16 15:13:24 UTC,C:/Users/Federico/Documents/evo-compress/tools/llamacpp-b10098/llama-bench.exe -m D:/evo-compress-data/gguf/Qwen2.5-7B-Instruct-Q4_K_M.gguf -ngl 0 -ub 1024 -t 4 -ctk f16 -ctv f16 -b 2048 -mmp 1 -fa 1 -n 128 -p 0 -r 3 -o json
b148369ea708e480,7B,5,4,ngl,19,1024,4,f16,1,1,,ok,13.052995,0.020911,"[13.0303, 13.0715, 13.0572]",32.4,30.4,12.45,39,139,405,394,8.68,49,1873,4006,394,37.99,2026-08-16 15:14:27 UTC,C:/Users/Federico/Documents/evo-compress/tools/llamacpp-b10098/llama-bench.exe -m D:/evo-compress-data/gguf/Qwen2.5-7B-Instruct-Q4_K_M.gguf -ngl 19 -ub 1024 -t 4 -ctk f16 -ctv f16 -b 2048 -mmp 1 -fa 1 -n 128 -p 0 -r 3 -o json
8d88197c1b930bf8,7B,5,5,mmp,19,1024,4,f16,0,1,,ok,13.126933,0.065512,"[13.1834, 13.0551, 13.1423]",31.4,30.4,12.45,44,139,405,394,8.87,54,1873,4006,394,38.84,2026-08-16 15:15:30 UTC,C:/Users/Federico/Documents/evo-compress/tools/llamacpp-b10098/llama-bench.exe -m D:/evo-compress-data/gguf/Qwen2.5-7B-Instruct-Q4_K_M.gguf -ngl 19 -ub 1024 -t 4 -ctk f16 -ctv f16 -b 2048 -mmp 0 -fa 1 -n 128 -p 0 -r 3 -o json
78fff2137aebc16c,7B,5,6,ctk,19,1024,4,q8_0,0,1,,ok,12.561599,0.061724,"[12.5578, 12.6252, 12.5019]",32.8,30.4,12.45,47,139,405,394,8.40,57,1873,4006,394,39.33,2026-08-16 15:16:33 UTC,C:/Users/Federico/Documents/evo-compress/tools/llamacpp-b10098/llama-bench.exe -m D:/evo-compress-data/gguf/Qwen2.5-7B-Instruct-Q4_K_M.gguf -ngl 19 -ub 1024 -t 4 -ctk q8_0 -ctv f16 -b 2048 -mmp 0 -fa 1 -n 128 -p 0 -r 3 -o json
7683ac8eefaefcbe,7B,6,0,base,19,128,1,f16,1,1,,ok,7.428857,0.045221,"[7.4454, 7.4635, 7.3777]",55.0,30.4,12.41,50,139,405,394,8.87,55,1506,4006,394,30.80,2026-08-16 15:17:59 UTC,C:/Users/Federico/Documents/evo-compress/tools/llamacpp-b10098/llama-bench.exe -m D:/evo-compress-data/gguf/Qwen2.5-7B-Instruct-Q4_K_M.gguf -ngl 19 -ub 128 -t 1 -ctk f16 -ctv f16 -b 2048 -mmp 1 -fa 1 -n 128 -p 0 -r 3 -o json
e1a18eb674a1da2a,7B,6,1,mmp,19,128,1,f16,0,1,,ok,7.489601,0.01464,"[7.4974, 7.4727, 7.4987]",53.5,35.4,12.42,52,708,810,394,10.60,57,1657,4006,394,33.20,2026-08-16 15:19:28 UTC,C:/Users/Federico/Documents/evo-compress/tools/llamacpp-b10098/llama-bench.exe -m D:/evo-compress-data/gguf/Qwen2.5-7B-Instruct-Q4_K_M.gguf -ngl 19 -ub 128 -t 1 -ctk f16 -ctv f16 -b 2048 -mmp 0 -fa 1 -n 128 -p 0 -r 3 -o json
dd4eca3c4edc89af,7B,6,2,ngl,0,128,1,f16,0,1,,ok,3.182697,0.002262,"[3.1802, 3.1834, 3.1845]",123.3,30.3,12.43,52,139,405,394,9.26,44,139,405,396,8.59,2026-08-16 15:22:02 UTC,C:/Users/Federico/Documents/evo-compress/tools/llamacpp-b10098/llama-bench.exe -m D:/evo-compress-data/gguf/Qwen2.5-7B-Instruct-Q4_K_M.gguf -ngl 0 -ub 128 -t 1 -ctk f16 -ctv f16 -b 2048 -mmp 0 -fa 1 -n 128 -p 0 -r 3 -o json
e8d7049c637bed72,7B,6,3,ctk,0,128,1,q8_0,0,1,,ok,3.158654,0.006578,"[3.1644, 3.1601, 3.1515]",124.2,30.3,12.45,42,139,405,396,8.01,39,139,405,396,8.78,2026-08-16 15:24:37 UTC,C:/Users/Federico/Documents/evo-compress/tools/llamacpp-b10098/llama-bench.exe -m D:/evo-compress-data/gguf/Qwen2.5-7B-Instruct-Q4_K_M.gguf -ngl 0 -ub 128 -t 1 -ctk q8_0 -ctv f16 -b 2048 -mmp 0 -fa 1 -n 128 -p 0 -r 3 -o json
f3c2f19b435e99a5,7B,6,4,t,0,128,3,q8_0,0,1,,ok,6.741797,0.019466,"[6.7584, 6.7204, 6.7466]",59.4,30.3,12.42,39,139,405,396,8.20,38,139,405,396,8.20,2026-08-16 15:26:08 UTC,C:/Users/Federico/Documents/evo-compress/tools/llamacpp-b10098/llama-bench.exe -m D:/evo-compress-data/gguf/Qwen2.5-7B-Instruct-Q4_K_M.gguf -ngl 0 -ub 128 -t 3 -ctk q8_0 -ctv f16 -b 2048 -mmp 0 -fa 1 -n 128 -p 0 -r 3 -o json
07c86920b275e5ba,7B,6,5,ub,0,1024,3,q8_0,0,1,,ok,6.704961,0.022338,"[6.7149, 6.6794, 6.7206]",59.7,30.3,12.43,38,139,405,396,7.44,38,139,405,396,8.59,2026-08-16 15:27:38 UTC,C:/Users/Federico/Documents/evo-compress/tools/llamacpp-b10098/llama-bench.exe -m D:/evo-compress-data/gguf/Qwen2.5-7B-Instruct-Q4_K_M.gguf -ngl 0 -ub 1024 -t 3 -ctk q8_0 -ctv f16 -b 2048 -mmp 0 -fa 1 -n 128 -p 0 -r 3 -o json
ad2ad2ba133ef672,7B,6,6,fa,0,1024,3,q8_0,0,0,,ok,6.608755,0.021957,"[6.5884, 6.6058, 6.632]",60.5,30.4,12.44,37,139,405,394,8.01,37,139,405,394,8.59,2026-08-16 15:29:09 UTC,C:/Users/Federico/Documents/evo-compress/tools/llamacpp-b10098/llama-bench.exe -m D:/evo-compress-data/gguf/Qwen2.5-7B-Instruct-Q4_K_M.gguf -ngl 0 -ub 1024 -t 3 -ctk q8_0 -ctv f16 -b 2048 -mmp 0 -fa 0 -n 128 -p 0 -r 3 -o json
4dd9ebcc6639fcaf,7B,7,0,base,19,128,1,q8_0,0,1,,ok,6.365169,0.360015,"[6.7794, 6.1889, 6.1273]",62.7,30.4,12.47,37,139,405,394,8.11,42,860,3802,398,25.33,2026-08-16 15:30:43 UTC,C:/Users/Federico/Documents/evo-compress/tools/llamacpp-b10098/llama-bench.exe -m D:/evo-compress-data/gguf/Qwen2.5-7B-Instruct-Q4_K_M.gguf -ngl 19 -ub 128 -t 1 -ctk q8_0 -ctv f16 -b 2048 -mmp 0 -fa 1 -n 128 -p 0 -r 3 -o json
8ae3ae6ba0c38cfe,7B,7,1,ctk,19,128,1,f16,0,1,,ok,7.338957,0.081161,"[7.4104, 7.3558, 7.2507]",54.6,30.3,12.48,40,139,405,398,7.82,47,1468,4006,398,29.55,2026-08-16 15:32:08 UTC,C:/Users/Federico/Documents/evo-compress/tools/llamacpp-b10098/llama-bench.exe -m D:/evo-compress-data/gguf/Qwen2.5-7B-Instruct-Q4_K_M.gguf -ngl 19 -ub 128 -t 1 -ctk f16 -ctv f16 -b 2048 -mmp 0 -fa 1 -n 128 -p 0 -r 3 -o json
5d7226f45160628b,7B,7,2,ub,19,1024,1,f16,0,1,,ok,7.425035,0.089409,"[7.4813, 7.4719, 7.3219]",54.0,30.3,12.48,44,139,405,394,8.59,50,1468,4006,394,29.75,2026-08-16 15:33:33 UTC,C:/Users/Federico/Documents/evo-compress/tools/llamacpp-b10098/llama-bench.exe -m D:/evo-compress-data/gguf/Qwen2.5-7B-Instruct-Q4_K_M.gguf -ngl 19 -ub 1024 -t 1 -ctk f16 -ctv f16 -b 2048 -mmp 0 -fa 1 -n 128 -p 0 -r 3 -o json
d55b8ff6d3603f12,7B,7,3,t,19,1024,3,f16,0,1,,ok,12.846726,0.032515,"[12.8556, 12.8739, 12.8107]",32.2,30.4,12.48,46,139,405,394,8.88,56,1873,4006,394,38.57,2026-08-16 15:34:36 UTC,C:/Users/Federico/Documents/evo-compress/tools/llamacpp-b10098/llama-bench.exe -m D:/evo-compress-data/gguf/Qwen2.5-7B-Instruct-Q4_K_M.gguf -ngl 19 -ub 1024 -t 3 -ctk f16 -ctv f16 -b 2048 -mmp 0 -fa 1 -n 128 -p 0 -r 3 -o json
b33106162e0332d7,7B,7,4,fa,19,1024,3,f16,0,0,,ok,12.58276,0.078683,"[12.532, 12.6734, 12.5429]",32.7,30.4,12.48,49,139,405,394,8.69,58,1847,4006,394,38.66,2026-08-16 15:35:40 UTC,C:/Users/Federico/Documents/evo-compress/tools/llamacpp-b10098/llama-bench.exe -m D:/evo-compress-data/gguf/Qwen2.5-7B-Instruct-Q4_K_M.gguf -ngl 19 -ub 1024 -t 3 -ctk f16 -ctv f16 -b 2048 -mmp 0 -fa 0 -n 128 -p 0 -r 3 -o json
4162b7e7827a5a48,7B,7,5,ngl,0,1024,3,f16,0,0,,ok,6.59002,0.020428,"[6.578, 6.6136, 6.5785]",60.7,30.4,12.47,51,139,405,394,8.78,47,139,405,394,9.16,2026-08-16 15:37:11 UTC,C:/Users/Federico/Documents/evo-compress/tools/llamacpp-b10098/llama-bench.exe -m D:/evo-compress-data/gguf/Qwen2.5-7B-Instruct-Q4_K_M.gguf -ngl 0 -ub 1024 -t 3 -ctk f16 -ctv f16 -b 2048 -mmp 0 -fa 0 -n 128 -p 0 -r 3 -o json
243b1118e5848dbc,7B,7,6,mmp,0,1024,3,f16,1,0,,ok,6.619631,0.022278,"[6.609, 6.6452, 6.6046]",60.0,30.3,12.49,45,139,405,394,8.59,43,139,405,394,8.88,2026-08-16 15:38:42 UTC,C:/Users/Federico/Documents/evo-compress/tools/llamacpp-b10098/llama-bench.exe -m D:/evo-compress-data/gguf/Qwen2.5-7B-Instruct-Q4_K_M.gguf -ngl 0 -ub 1024 -t 3 -ctk f16 -ctv f16 -b 2048 -mmp 1 -fa 0 -n 128 -p 0 -r 3 -o json
6924e721fecf27c1,7B,8,0,base,99,1024,4,q8_0,0,0,,ok,22.485898,0.011964,"[22.487, 22.4973, 22.4734]",19.3,30.4,12.45,42,139,405,394,8.40,56,1860,4006,394,38.37,2026-08-16 15:39:32 UTC,C:/Users/Federico/Documents/evo-compress/tools/llamacpp-b10098/llama-bench.exe -m D:/evo-compress-data/gguf/Qwen2.5-7B-Instruct-Q4_K_M.gguf -ngl 99 -ub 1024 -t 4 -ctk q8_0 -ctv f16 -b 2048 -mmp 0 -fa 0 -n 128 -p 0 -r 3 -o json
7bb7933695db290f,7B,8,1,fa,99,1024,4,q8_0,0,1,,ok,20.259007,0.032132,"[20.2853, 20.2685, 20.2232]",21.1,30.3,12.45,47,139,405,394,8.68,61,1847,4006,394,39.33,2026-08-16 15:40:24 UTC,C:/Users/Federico/Documents/evo-compress/tools/llamacpp-b10098/llama-bench.exe -m D:/evo-compress-data/gguf/Qwen2.5-7B-Instruct-Q4_K_M.gguf -ngl 99 -ub 1024 -t 4 -ctk q8_0 -ctv f16 -b 2048 -mmp 0 -fa 1 -n 128 -p 0 -r 3 -o json
eeb5bba6ba81e43e,7B,8,2,mmp,99,1024,4,q8_0,1,1,,ok,20.258662,0.020969,"[20.2829, 20.2469, 20.2463]",22.4,30.4,12.47,51,139,405,394,8.97,62,1847,4006,394,39.33,2026-08-16 15:41:17 UTC,C:/Users/Federico/Documents/evo-compress/tools/llamacpp-b10098/llama-bench.exe -m D:/evo-compress-data/gguf/Qwen2.5-7B-Instruct-Q4_K_M.gguf -ngl 99 -ub 1024 -t 4 -ctk q8_0 -ctv f16 -b 2048 -mmp 1 -fa 1 -n 128 -p 0 -r 3 -o json
241d268e456a2c88,7B,8,3,ngl,9,1024,4,q8_0,1,1,,ok,8.305326,0.17355,"[8.5024, 8.1751, 8.2385]",48.7,30.4,12.47,52,139,405,394,9.16,52,885,3802,394,25.92,2026-08-16 15:42:36 UTC,C:/Users/Federico/Documents/evo-compress/tools/llamacpp-b10098/llama-bench.exe -m D:/evo-compress-data/gguf/Qwen2.5-7B-Instruct-Q4_K_M.gguf -ngl 9 -ub 1024 -t 4 -ctk q8_0 -ctv f16 -b 2048 -mmp 1 -fa 1 -n 128 -p 0 -r 3 -o json
1e672db39eb789cc,7B,8,4,ctk,9,1024,4,f16,1,1,,ok,8.635065,0.429317,"[9.0622, 8.6393, 8.2036]",47.1,30.4,12.46,48,139,405,394,8.97,51,898,3802,394,25.91,2026-08-16 15:43:54 UTC,C:/Users/Federico/Documents/evo-compress/tools/llamacpp-b10098/llama-bench.exe -m D:/evo-compress-data/gguf/Qwen2.5-7B-Instruct-Q4_K_M.gguf -ngl 9 -ub 1024 -t 4 -ctk f16 -ctv f16 -b 2048 -mmp 1 -fa 1 -n 128 -p 0 -r 3 -o json
851be560b9593a73,7B,8,5,t,9,1024,2,f16,1,1,,ok,7.191547,0.124437,"[7.333, 7.1424, 7.0991]",56.1,30.4,12.47,48,139,405,394,8.49,50,898,3802,394,25.91,2026-08-16 15:45:21 UTC,C:/Users/Federico/Documents/evo-compress/tools/llamacpp-b10098/llama-bench.exe -m D:/evo-compress-data/gguf/Qwen2.5-7B-Instruct-Q4_K_M.gguf -ngl 9 -ub 1024 -t 2 -ctk f16 -ctv f16 -b 2048 -mmp 1 -fa 1 -n 128 -p 0 -r 3 -o json
64f08d418facd29e,7B,8,6,ub,9,128,2,f16,1,1,,ok,7.229267,0.167921,"[7.4177, 7.1746, 7.0955]",55.8,30.4,12.47,47,139,405,394,9.07,49,898,3802,394,25.63,2026-08-16 15:46:48 UTC,C:/Users/Federico/Documents/evo-compress/tools/llamacpp-b10098/llama-bench.exe -m D:/evo-compress-data/gguf/Qwen2.5-7B-Instruct-Q4_K_M.gguf -ngl 9 -ub 128 -t 2 -ctk f16 -ctv f16 -b 2048 -mmp 1 -fa 1 -n 128 -p 0 -r 3 -o json
114aa16c2644b3bf,7B,9,0,base,9,128,2,f16,0,0,,ok,7.14016,0.152152,"[7.3142, 7.0741, 7.0322]",56.3,30.4,12.47,46,139,405,394,8.59,48,898,3802,396,25.63,2026-08-16 15:48:15 UTC,C:/Users/Federico/Documents/evo-compress/tools/llamacpp-b10098/llama-bench.exe -m D:/evo-compress-data/gguf/Qwen2.5-7B-Instruct-Q4_K_M.gguf -ngl 9 -ub 128 -t 2 -ctk f16 -ctv f16 -b 2048 -mmp 0 -fa 0 -n 128 -p 0 -r 3 -o json
d0c044ea86d01f20,7B,9,1,ub,9,1024,2,f16,0,0,,ok,7.078763,0.090854,"[7.1823, 7.0417, 7.0123]",56.7,30.3,12.47,46,139,405,396,8.20,48,885,3802,396,25.81,2026-08-16 15:49:42 UTC,C:/Users/Federico/Documents/evo-compress/tools/llamacpp-b10098/llama-bench.exe -m D:/evo-compress-data/gguf/Qwen2.5-7B-Instruct-Q4_K_M.gguf -ngl 9 -ub 1024 -t 2 -ctk f16 -ctv f16 -b 2048 -mmp 0 -fa 0 -n 128 -p 0 -r 3 -o json
54755314006e7287,7B,9,2,t,9,1024,4,f16,0,0,,ok,8.342694,0.179795,"[8.5503, 8.2364, 8.2414]",48.6,30.3,12.48,46,139,405,396,7.91,48,885,3802,396,25.91,2026-08-16 15:51:02 UTC,C:/Users/Federico/Documents/evo-compress/tools/llamacpp-b10098/llama-bench.exe -m D:/evo-compress-data/gguf/Qwen2.5-7B-Instruct-Q4_K_M.gguf -ngl 9 -ub 1024 -t 4 -ctk f16 -ctv f16 -b 2048 -mmp 0 -fa 0 -n 128 -p 0 -r 3 -o json
d47d69d272106f24,7B,9,3,ngl,99,1024,4,f16,0,0,,ok,22.172771,0.067491,"[22.2282, 22.0976, 22.1925]",19.5,30.3,12.48,45,139,405,396,8.11,59,1835,4006,396,38.37,2026-08-16 15:51:52 UTC,C:/Users/Federico/Documents/evo-compress/tools/llamacpp-b10098/llama-bench.exe -m D:/evo-compress-data/gguf/Qwen2.5-7B-Instruct-Q4_K_M.gguf -ngl 99 -ub 1024 -t 4 -ctk f16 -ctv f16 -b 2048 -mmp 0 -fa 0 -n 128 -p 0 -r 3 -o json
80c616767d051d9b,7B,9,4,mmp,99,1024,4,f16,1,0,,ok,22.118247,0.027624,"[22.1425, 22.124, 22.0882]",20.9,30.4,12.48,49,139,405,396,8.11,61,1847,4006,396,39.33,2026-08-16 15:52:44 UTC,C:/Users/Federico/Documents/evo-compress/tools/llamacpp-b10098/llama-bench.exe -m D:/evo-compress-data/gguf/Qwen2.5-7B-Instruct-Q4_K_M.gguf -ngl 99 -ub 1024 -t 4 -ctk f16 -ctv f16 -b 2048 -mmp 1 -fa 0 -n 128 -p 0 -r 3 -o json
8c45ed8bd4901612,7B,9,5,ctk,99,1024,4,q8_0,1,0,,ok,22.275731,0.048922,"[22.3305, 22.2602, 22.2365]",20.8,30.3,12.48,52,139,405,396,8.40,63,1822,4006,396,38.95,2026-08-16 15:53:35 UTC,C:/Users/Federico/Documents/evo-compress/tools/llamacpp-b10098/llama-bench.exe -m D:/evo-compress-data/gguf/Qwen2.5-7B-Instruct-Q4_K_M.gguf -ngl 99 -ub 1024 -t 4 -ctk q8_0 -ctv f16 -b 2048 -mmp 1 -fa 0 -n 128 -p 0 -r 3 -o json
acce923a76c79aed,7B,9,6,fa,99,1024,4,q8_0,1,1,,ok,20.118594,0.045822,"[20.0657, 20.1444, 20.1457]",22.6,35.4,12.47,52,139,405,396,9.26,64,1847,4006,396,39.99,2026-08-16 15:54:34 UTC,C:/Users/Federico/Documents/evo-compress/tools/llamacpp-b10098/llama-bench.exe -m D:/evo-compress-data/gguf/Qwen2.5-7B-Instruct-Q4_K_M.gguf -ngl 99 -ub 1024 -t 4 -ctk q8_0 -ctv f16 -b 2048 -mmp 1 -fa 1 -n 128 -p 0 -r 3 -o json
9f5188cdb7398ff0,30B,0,0,base,16,128,3,q8_0,1,1,0.917,ok,5.633995,3.314703,"[2.0131, 6.3702, 8.5187]",109.9,30.4,12.9,47,139,405,394,8.97,45,949,4006,394,26.38,2026-08-16 15:58:48 UTC,"C:/Users/Federico/Documents/evo-compress/tools/llamacpp-b10098/llama-bench.exe -m D:/evo-compress-data/gguf/Qwen3-30B-A3B-Q2_K.gguf -ngl 16 -ub 128 -t 3 -ctk q8_0 -ctv f16 -b 2048 -mmp 1 -fa 1 -ot ""blk\.(4|5|6|7|8|9|10|11|12|13|14|15|16|17|18|19|20|21|22|23|24|25|26|27|28|29|30|31|32|33|34|35|36|37|38|39|40|41|42|43|44|45|46|47)\.ffn_.*_exps\.=CPU"" -n 128 -p 0 -r 3 -o json"
78bd390b7945cfed,30B,0,1,moe_cpu_frac,16,128,3,q8_0,1,1,0.75,ok,13.865268,0.51582,"[13.2698, 14.1744, 14.1516]",29.4,30.4,12.88,43,139,405,394,8.40,45,885,4006,394,26.19,2026-08-16 15:59:48 UTC,"C:/Users/Federico/Documents/evo-compress/tools/llamacpp-b10098/llama-bench.exe -m D:/evo-compress-data/gguf/Qwen3-30B-A3B-Q2_K.gguf -ngl 16 -ub 128 -t 3 -ctk q8_0 -ctv f16 -b 2048 -mmp 1 -fa 1 -ot ""blk\.(12|13|14|15|16|17|18|19|20|21|22|23|24|25|26|27|28|29|30|31|32|33|34|35|36|37|38|39|40|41|42|43|44|45|46|47)\.ffn_.*_exps\.=CPU"" -n 128 -p 0 -r 3 -o json"
94896ee77537f97a,30B,0,2,ub,16,1024,3,q8_0,1,1,0.75,ok,13.988613,0.360515,"[13.785, 13.776, 14.4049]",29.3,30.4,12.88,45,708,810,394,10.32,46,923,4006,394,26.21,2026-08-16 16:00:48 UTC,"C:/Users/Federico/Documents/evo-compress/tools/llamacpp-b10098/llama-bench.exe -m D:/evo-compress-data/gguf/Qwen3-30B-A3B-Q2_K.gguf -ngl 16 -ub 1024 -t 3 -ctk q8_0 -ctv f16 -b 2048 -mmp 1 -fa 1 -ot ""blk\.(12|13|14|15|16|17|18|19|20|21|22|23|24|25|26|27|28|29|30|31|32|33|34|35|36|37|38|39|40|41|42|43|44|45|46|47)\.ffn_.*_exps\.=CPU"" -n 128 -p 0 -r 3 -o json"
6afdd1304eae3014,30B,0,3,fa,16,1024,3,q8_0,1,0,0.75,ok,13.743638,0.191148,"[13.5717, 13.7097, 13.9495]",29.6,30.4,12.89,46,253,405,394,8.69,47,911,4006,394,26.29,2026-08-16 16:01:49 UTC,"C:/Users/Federico/Documents/evo-compress/tools/llamacpp-b10098/llama-bench.exe -m D:/evo-compress-data/gguf/Qwen3-30B-A3B-Q2_K.gguf -ngl 16 -ub 1024 -t 3 -ctk q8_0 -ctv f16 -b 2048 -mmp 1 -fa 0 -ot ""blk\.(12|13|14|15|16|17|18|19|20|21|22|23|24|25|26|27|28|29|30|31|32|33|34|35|36|37|38|39|40|41|42|43|44|45|46|47)\.ffn_.*_exps\.=CPU"" -n 128 -p 0 -r 3 -o json"
efd72f3481ba624f,30B,0,4,ctk,16,1024,3,f16,1,0,0.75,ok,13.168687,0.162017,"[13.0198, 13.3412, 13.1451]",31.0,30.4,12.9,47,708,810,394,10.89,48,885,4006,394,26.21,2026-08-16 16:02:51 UTC,"C:/Users/Federico/Documents/evo-compress/tools/llamacpp-b10098/llama-bench.exe -m D:/evo-compress-data/gguf/Qwen3-30B-A3B-Q2_K.gguf -ngl 16 -ub 1024 -t 3 -ctk f16 -ctv f16 -b 2048 -mmp 1 -fa 0 -ot ""blk\.(12|13|14|15|16|17|18|19|20|21|22|23|24|25|26|27|28|29|30|31|32|33|34|35|36|37|38|39|40|41|42|43|44|45|46|47)\.ffn_.*_exps\.=CPU"" -n 128 -p 0 -r 3 -o json"
7ba64314a0dee8c0,30B,0,5,ngl,99,1024,3,f16,1,0,0.75,ok,18.329035,0.929066,"[17.2575, 18.8206, 18.9091]",26.3,30.4,12.9,47,253,405,394,8.58,54,1873,4006,394,38.66,2026-08-16 16:03:48 UTC,"C:/Users/Federico/Documents/evo-compress/tools/llamacpp-b10098/llama-bench.exe -m D:/evo-compress-data/gguf/Qwen3-30B-A3B-Q2_K.gguf -ngl 99 -ub 1024 -t 3 -ctk f16 -ctv f16 -b 2048 -mmp 1 -fa 0 -ot ""blk\.(12|13|14|15|16|17|18|19|20|21|22|23|24|25|26|27|28|29|30|31|32|33|34|35|36|37|38|39|40|41|42|43|44|45|46|47)\.ffn_.*_exps\.=CPU"" -n 128 -p 0 -r 3 -o json"
e1520dddaaf6d5c8,30B,0,6,mmp,99,1024,3,f16,0,0,0.75,ok,19.091072,0.171115,"[18.9839, 19.2884, 19.0009]",41.4,30.4,12.9,50,139,405,394,8.78,57,1873,4006,394,39.24,2026-08-16 16:05:00 UTC,"C:/Users/Federico/Documents/evo-compress/tools/llamacpp-b10098/llama-bench.exe -m D:/evo-compress-data/gguf/Qwen3-30B-A3B-Q2_K.gguf -ngl 99 -ub 1024 -t 3 -ctk f16 -ctv f16 -b 2048 -mmp 0 -fa 0 -ot ""blk\.(12|13|14|15|16|17|18|19|20|21|22|23|24|25|26|27|28|29|30|31|32|33|34|35|36|37|38|39|40|41|42|43|44|45|46|47)\.ffn_.*_exps\.=CPU"" -n 128 -p 0 -r 3 -o json"
3be09ba4bc070382,30B,0,7,t,99,1024,1,f16,0,0,0.75,ok,10.498745,0.12231,"[10.5883, 10.5486, 10.3594]",72.1,30.4,12.92,51,139,405,394,9.16,52,1366,4006,394,28.88,2026-08-16 16:06:43 UTC,"C:/Users/Federico/Documents/evo-compress/tools/llamacpp-b10098/llama-bench.exe -m D:/evo-compress-data/gguf/Qwen3-30B-A3B-Q2_K.gguf -ngl 99 -ub 1024 -t 1 -ctk f16 -ctv f16 -b 2048 -mmp 0 -fa 0 -ot ""blk\.(12|13|14|15|16|17|18|19|20|21|22|23|24|25|26|27|28|29|30|31|32|33|34|35|36|37|38|39|40|41|42|43|44|45|46|47)\.ffn_.*_exps\.=CPU"" -n 128 -p 0 -r 3 -o json"
b29bf0901c0fd44e,30B,1,0,base,32,512,2,q8_0,1,1,0.75,ok,5.97415,3.0688,"[2.4573, 7.3567, 8.1085]",95.4,30.4,12.86,48,139,405,394,9.54,49,974,4006,394,26.58,2026-08-16 16:08:49 UTC,"C:/Users/Federico/Documents/evo-compress/tools/llamacpp-b10098/llama-bench.exe -m D:/evo-compress-data/gguf/Qwen3-30B-A3B-Q2_K.gguf -ngl 32 -ub 512 -t 2 -ctk q8_0 -ctv f16 -b 2048 -mmp 1 -fa 1 -ot ""blk\.(12|13|14|15|16|17|18|19|20|21|22|23|24|25|26|27|28|29|30|31|32|33|34|35|36|37|38|39|40|41|42|43|44|45|46|47)\.ffn_.*_exps\.=CPU"" -n 128 -p 0 -r 3 -o json"
cc267de5543ff51e,30B,1,1,mmp,32,512,2,q8_0,0,1,0.75,ok,12.575803,0.100989,"[12.5961, 12.6651, 12.4662]",58.3,30.3,12.89,47,139,405,394,8.78,49,1506,4006,394,30.12,2026-08-16 16:10:18 UTC,"C:/Users/Federico/Documents/evo-compress/tools/llamacpp-b10098/llama-bench.exe -m D:/evo-compress-data/gguf/Qwen3-30B-A3B-Q2_K.gguf -ngl 32 -ub 512 -t 2 -ctk q8_0 -ctv f16 -b 2048 -mmp 0 -fa 1 -ot ""blk\.(12|13|14|15|16|17|18|19|20|21|22|23|24|25|26|27|28|29|30|31|32|33|34|35|36|37|38|39|40|41|42|43|44|45|46|47)\.ffn_.*_exps\.=CPU"" -n 128 -p 0 -r 3 -o json"
8034bd414f0d694e,30B,1,2,ctk,32,512,2,f16,0,1,0.75,ok,13.109353,0.059864,"[13.089, 13.1767, 13.0623]",65.9,30.4,12.95,46,139,405,394,8.88,47,772,810,394,10.60,2026-08-16 16:11:55 UTC,"C:/Users/Federico/Documents/evo-compress/tools/llamacpp-b10098/llama-bench.exe -m D:/evo-compress-data/gguf/Qwen3-30B-A3B-Q2_K.gguf -ngl 32 -ub 512 -t 2 -ctk f16 -ctv f16 -b 2048 -mmp 0 -fa 1 -ot ""blk\.(12|13|14|15|16|17|18|19|20|21|22|23|24|25|26|27|28|29|30|31|32|33|34|35|36|37|38|39|40|41|42|43|44|45|46|47)\.ffn_.*_exps\.=CPU"" -n 128 -p 0 -r 3 -o json"
f52023ca9b30c5c6,30B,1,3,ub,32,2048,2,f16,0,1,0.75,ok,13.094756,0.267947,"[12.8349, 13.3701, 13.0793]",65.9,30.4,13.01,44,139,405,394,8.88,46,784,810,394,10.89,2026-08-16 16:13:32 UTC,"C:/Users/Federico/Documents/evo-compress/tools/llamacpp-b10098/llama-bench.exe -m D:/evo-compress-data/gguf/Qwen3-30B-A3B-Q2_K.gguf -ngl 32 -ub 2048 -t 2 -ctk f16 -ctv f16 -b 2048 -mmp 0 -fa 1 -ot ""blk\.(12|13|14|15|16|17|18|19|20|21|22|23|24|25|26|27|28|29|30|31|32|33|34|35|36|37|38|39|40|41|42|43|44|45|46|47)\.ffn_.*_exps\.=CPU"" -n 128 -p 0 -r 3 -o json"
93fe1ee8ecccf6ed,30B,1,4,ngl,0,2048,2,f16,0,1,0.75,ok,10.017801,0.097497,"[9.9054, 10.0692, 10.0789]",74.9,30.3,13.09,43,139,405,394,8.97,42,139,405,394,8.78,2026-08-16 16:15:18 UTC,"C:/Users/Federico/Documents/evo-compress/tools/llamacpp-b10098/llama-bench.exe -m D:/evo-compress-data/gguf/Qwen3-30B-A3B-Q2_K.gguf -ngl 0 -ub 2048 -t 2 -ctk f16 -ctv f16 -b 2048 -mmp 0 -fa 1 -ot ""blk\.(12|13|14|15|16|17|18|19|20|21|22|23|24|25|26|27|28|29|30|31|32|33|34|35|36|37|38|39|40|41|42|43|44|45|46|47)\.ffn_.*_exps\.=CPU"" -n 128 -p 0 -r 3 -o json"
c1e2ebfb30428b28,30B,1,5,moe_cpu_frac,0,2048,2,f16,0,1,0.917,ok,9.869514,0.135511,"[9.7377, 9.8625, 10.0084]",75.5,30.4,13.41,41,139,405,394,8.87,40,139,405,394,8.49,2026-08-16 16:17:05 UTC,"C:/Users/Federico/Documents/evo-compress/tools/llamacpp-b10098/llama-bench.exe -m D:/evo-compress-data/gguf/Qwen3-30B-A3B-Q2_K.gguf -ngl 0 -ub 2048 -t 2 -ctk f16 -ctv f16 -b 2048 -mmp 0 -fa 1 -ot ""blk\.(4|5|6|7|8|9|10|11|12|13|14|15|16|17|18|19|20|21|22|23|24|25|26|27|28|29|30|31|32|33|34|35|36|37|38|39|40|41|42|43|44|45|46|47)\.ffn_.*_exps\.=CPU"" -n 128 -p 0 -r 3 -o json"
908ddaeb5c9ecd51,30B,1,6,t,0,2048,4,f16,0,1,0.917,ok,13.490995,0.285258,"[13.1633, 13.6264, 13.6833]",65.0,30.3,13.48,39,139,405,394,8.30,39,139,405,394,8.49,2026-08-16 16:18:41 UTC,"C:/Users/Federico/Documents/evo-compress/tools/llamacpp-b10098/llama-bench.exe -m D:/evo-compress-data/gguf/Qwen3-30B-A3B-Q2_K.gguf -ngl 0 -ub 2048 -t 4 -ctk f16 -ctv f16 -b 2048 -mmp 0 -fa 1 -ot ""blk\.(4|5|6|7|8|9|10|11|12|13|14|15|16|17|18|19|20|21|22|23|24|25|26|27|28|29|30|31|32|33|34|35|36|37|38|39|40|41|42|43|44|45|46|47)\.ffn_.*_exps\.=CPU"" -n 128 -p 0 -r 3 -o json"
8a5aaa2583bc08b2,30B,1,7,fa,0,2048,4,f16,0,0,0.917,ok,13.081566,0.162506,"[12.8961, 13.1496, 13.199]",65.8,30.3,13.46,38,139,405,394,8.30,38,139,405,394,8.59,2026-08-16 16:20:18 UTC,"C:/Users/Federico/Documents/evo-compress/tools/llamacpp-b10098/llama-bench.exe -m D:/evo-compress-data/gguf/Qwen3-30B-A3B-Q2_K.gguf -ngl 0 -ub 2048 -t 4 -ctk f16 -ctv f16 -b 2048 -mmp 0 -fa 0 -ot ""blk\.(4|5|6|7|8|9|10|11|12|13|14|15|16|17|18|19|20|21|22|23|24|25|26|27|28|29|30|31|32|33|34|35|36|37|38|39|40|41|42|43|44|45|46|47)\.ffn_.*_exps\.=CPU"" -n 128 -p 0 -r 3 -o json"
91d64b0463c521bc,30B,2,0,base,0,1024,4,f16,0,0,1.0,ok,13.155309,0.162508,"[12.968, 13.2583, 13.2397]",65.8,30.3,13.52,37,139,405,394,8.68,37,139,405,394,8.87,2026-08-16 16:21:54 UTC,C:/Users/Federico/Documents/evo-compress/tools/llamacpp-b10098/llama-bench.exe -m D:/evo-compress-data/gguf/Qwen3-30B-A3B-Q2_K.gguf -ngl 0 -ub 1024 -t 4 -ctk f16 -ctv f16 -b 2048 -mmp 0 -fa 0 -ot exps=CPU -n 128 -p 0 -r 3 -o json
8e1bc7a4d7e288a5,30B,2,1,moe_cpu_frac,0,1024,4,f16,0,0,0.833,ok,13.053737,0.153191,"[12.8901, 13.1937, 13.0775]",65.9,30.4,13.57,37,139,405,394,8.78,37,139,405,396,8.87,2026-08-16 16:23:31 UTC,"C:/Users/Federico/Documents/evo-compress/tools/llamacpp-b10098/llama-bench.exe -m D:/evo-compress-data/gguf/Qwen3-30B-A3B-Q2_K.gguf -ngl 0 -ub 1024 -t 4 -ctk f16 -ctv f16 -b 2048 -mmp 0 -fa 0 -ot ""blk\.(8|9|10|11|12|13|14|15|16|17|18|19|20|21|22|23|24|25|26|27|28|29|30|31|32|33|34|35|36|37|38|39|40|41|42|43|44|45|46|47)\.ffn_.*_exps\.=CPU"" -n 128 -p 0 -r 3 -o json"
46e8dcf6f737e94c,30B,2,2,ub,0,128,4,f16,0,0,0.833,ok,12.995722,0.283201,"[12.6785, 13.0855, 13.2231]",66.3,30.4,13.61,37,139,405,396,7.92,37,139,405,394,8.59,2026-08-16 16:25:09 UTC,"C:/Users/Federico/Documents/evo-compress/tools/llamacpp-b10098/llama-bench.exe -m D:/evo-compress-data/gguf/Qwen3-30B-A3B-Q2_K.gguf -ngl 0 -ub 128 -t 4 -ctk f16 -ctv f16 -b 2048 -mmp 0 -fa 0 -ot ""blk\.(8|9|10|11|12|13|14|15|16|17|18|19|20|21|22|23|24|25|26|27|28|29|30|31|32|33|34|35|36|37|38|39|40|41|42|43|44|45|46|47)\.ffn_.*_exps\.=CPU"" -n 128 -p 0 -r 3 -o json"
2b4bc38da2ffec49,30B,2,3,ngl,32,128,4,f16,0,0,0.833,ok,16.954449,0.255358,"[16.7391, 16.8877, 17.2366]",59.2,30.3,13.6,37,139,405,394,8.58,41,1506,4006,394,29.64,2026-08-16 16:26:39 UTC,"C:/Users/Federico/Documents/evo-compress/tools/llamacpp-b10098/llama-bench.exe -m D:/evo-compress-data/gguf/Qwen3-30B-A3B-Q2_K.gguf -ngl 32 -ub 128 -t 4 -ctk f16 -ctv f16 -b 2048 -mmp 0 -fa 0 -ot ""blk\.(8|9|10|11|12|13|14|15|16|17|18|19|20|21|22|23|24|25|26|27|28|29|30|31|32|33|34|35|36|37|38|39|40|41|42|43|44|45|46|47)\.ffn_.*_exps\.=CPU"" -n 128 -p 0 -r 3 -o json"
1bcc8d0d0cbef192,30B,2,4,fa,32,128,4,f16,0,1,0.833,ok,18.205524,0.339801,"[17.8744, 18.1888, 18.5534]",57.7,30.4,13.58,39,139,405,394,8.58,42,1506,4006,394,29.83,2026-08-16 16:28:08 UTC,"C:/Users/Federico/Documents/evo-compress/tools/llamacpp-b10098/llama-bench.exe -m D:/evo-compress-data/gguf/Qwen3-30B-A3B-Q2_K.gguf -ngl 32 -ub 128 -t 4 -ctk f16 -ctv f16 -b 2048 -mmp 0 -fa 1 -ot ""blk\.(8|9|10|11|12|13|14|15|16|17|18|19|20|21|22|23|24|25|26|27|28|29|30|31|32|33|34|35|36|37|38|39|40|41|42|43|44|45|46|47)\.ffn_.*_exps\.=CPU"" -n 128 -p 0 -r 3 -o json"
abb614cc7b215c22,30B,2,5,mmp,32,128,4,f16,1,1,0.833,ok,8.167602,4.566789,"[2.8982, 10.6266, 10.978]",76.7,30.4,13.61,40,139,405,394,8.59,42,923,4006,394,26.00,2026-08-16 16:29:55 UTC,"C:/Users/Federico/Documents/evo-compress/tools/llamacpp-b10098/llama-bench.exe -m D:/evo-compress-data/gguf/Qwen3-30B-A3B-Q2_K.gguf -ngl 32 -ub 128 -t 4 -ctk f16 -ctv f16 -b 2048 -mmp 1 -fa 1 -ot ""blk\.(8|9|10|11|12|13|14|15|16|17|18|19|20|21|22|23|24|25|26|27|28|29|30|31|32|33|34|35|36|37|38|39|40|41|42|43|44|45|46|47)\.ffn_.*_exps\.=CPU"" -n 128 -p 0 -r 3 -o json"
48225c56d77407dc,30B,2,6,ctk,32,128,4,q8_0,1,1,0.833,ok,13.960499,0.129067,"[13.85, 14.1023, 13.9292]",29.3,30.4,13.57,40,139,405,394,8.40,43,923,4006,394,26.00,2026-08-16 16:30:55 UTC,"C:/Users/Federico/Documents/evo-compress/tools/llamacpp-b10098/llama-bench.exe -m D:/evo-compress-data/gguf/Qwen3-30B-A3B-Q2_K.gguf -ngl 32 -ub 128 -t 4 -ctk q8_0 -ctv f16 -b 2048 -mmp 1 -fa 1 -ot ""blk\.(8|9|10|11|12|13|14|15|16|17|18|19|20|21|22|23|24|25|26|27|28|29|30|31|32|33|34|35|36|37|38|39|40|41|42|43|44|45|46|47)\.ffn_.*_exps\.=CPU"" -n 128 -p 0 -r 3 -o json"
f5bdf4aa3267894e,30B,2,7,t,32,128,2,q8_0,1,1,0.833,ok,10.861203,0.562476,"[10.2145, 11.1328, 11.2363]",37.3,30.4,13.57,41,139,405,394,8.49,43,936,4006,394,26.19,2026-08-16 16:32:04 UTC,"C:/Users/Federico/Documents/evo-compress/tools/llamacpp-b10098/llama-bench.exe -m D:/evo-compress-data/gguf/Qwen3-30B-A3B-Q2_K.gguf -ngl 32 -ub 128 -t 2 -ctk q8_0 -ctv f16 -b 2048 -mmp 1 -fa 1 -ot ""blk\.(8|9|10|11|12|13|14|15|16|17|18|19|20|21|22|23|24|25|26|27|28|29|30|31|32|33|34|35|36|37|38|39|40|41|42|43|44|45|46|47)\.ffn_.*_exps\.=CPU"" -n 128 -p 0 -r 3 -o json"
ea97cb7f72362d68,30B,3,0,base,99,2048,1,f16,1,0,0.75,ok,10.134104,0.555951,"[9.4922, 10.4572, 10.4529]",43.6,30.4,13.54,42,139,405,396,8.40,47,1392,4006,394,28.98,2026-08-16 16:33:18 UTC,"C:/Users/Federico/Documents/evo-compress/tools/llamacpp-b10098/llama-bench.exe -m D:/evo-compress-data/gguf/Qwen3-30B-A3B-Q2_K.gguf -ngl 99 -ub 2048 -t 1 -ctk f16 -ctv f16 -b 2048 -mmp 1 -fa 0 -ot ""blk\.(12|13|14|15|16|17|18|19|20|21|22|23|24|25|26|27|28|29|30|31|32|33|34|35|36|37|38|39|40|41|42|43|44|45|46|47)\.ffn_.*_exps\.=CPU"" -n 128 -p 0 -r 3 -o json"
51330dc33044f6df,30B,3,1,mmp,99,2048,1,f16,0,0,0.75,ok,10.431913,0.035867,"[10.469, 10.3974, 10.4293]",57.5,30.4,13.56,44,139,405,394,8.59,49,1430,4006,394,29.45,2026-08-16 16:34:46 UTC,"C:/Users/Federico/Documents/evo-compress/tools/llamacpp-b10098/llama-bench.exe -m D:/evo-compress-data/gguf/Qwen3-30B-A3B-Q2_K.gguf -ngl 99 -ub 2048 -t 1 -ctk f16 -ctv f16 -b 2048 -mmp 0 -fa 0 -ot ""blk\.(12|13|14|15|16|17|18|19|20|21|22|23|24|25|26|27|28|29|30|31|32|33|34|35|36|37|38|39|40|41|42|43|44|45|46|47)\.ffn_.*_exps\.=CPU"" -n 128 -p 0 -r 3 -o json"
831f7f5109fdb9bf,30B,3,2,fa,99,2048,1,f16,0,1,0.75,ok,11.0343,0.173233,"[10.848, 11.0645, 11.1905]",70.4,30.4,13.55,45,139,405,394,8.68,49,1506,4006,394,30.32,2026-08-16 16:36:28 UTC,"C:/Users/Federico/Documents/evo-compress/tools/llamacpp-b10098/llama-bench.exe -m D:/evo-compress-data/gguf/Qwen3-30B-A3B-Q2_K.gguf -ngl 99 -ub 2048 -t 1 -ctk f16 -ctv f16 -b 2048 -mmp 0 -fa 1 -ot ""blk\.(12|13|14|15|16|17|18|19|20|21|22|23|24|25|26|27|28|29|30|31|32|33|34|35|36|37|38|39|40|41|42|43|44|45|46|47)\.ffn_.*_exps\.=CPU"" -n 128 -p 0 -r 3 -o json"
49fb5947d83869b8,30B,3,3,t,99,2048,3,f16,0,1,0.75,ok,20.497399,0.219141,"[20.245, 20.6074, 20.6398]",54.2,30.4,13.56,46,139,405,394,8.97,53,1873,4006,394,38.26,2026-08-16 16:37:53 UTC,"C:/Users/Federico/Documents/evo-compress/tools/llamacpp-b10098/llama-bench.exe -m D:/evo-compress-data/gguf/Qwen3-30B-A3B-Q2_K.gguf -ngl 99 -ub 2048 -t 3 -ctk f16 -ctv f16 -b 2048 -mmp 0 -fa 1 -ot ""blk\.(12|13|14|15|16|17|18|19|20|21|22|23|24|25|26|27|28|29|30|31|32|33|34|35|36|37|38|39|40|41|42|43|44|45|46|47)\.ffn_.*_exps\.=CPU"" -n 128 -p 0 -r 3 -o json"
871e8eb82fbe4b5c,30B,3,4,moe_cpu_frac,99,2048,3,f16,0,1,0.917,ok,17.440343,0.326406,"[17.0794, 17.5269, 17.7147]",58.3,30.4,13.56,50,227,405,394,9.17,50,1544,4006,394,30.70,2026-08-16 16:39:22 UTC,"C:/Users/Federico/Documents/evo-compress/tools/llamacpp-b10098/llama-bench.exe -m D:/evo-compress-data/gguf/Qwen3-30B-A3B-Q2_K.gguf -ngl 99 -ub 2048 -t 3 -ctk f16 -ctv f16 -b 2048 -mmp 0 -fa 1 -ot ""blk\.(4|5|6|7|8|9|10|11|12|13|14|15|16|17|18|19|20|21|22|23|24|25|26|27|28|29|30|31|32|33|34|35|36|37|38|39|40|41|42|43|44|45|46|47)\.ffn_.*_exps\.=CPU"" -n 128 -p 0 -r 3 -o json"
5338113e7e930134,30B,3,5,ub,99,512,3,f16,0,1,0.917,ok,18.69436,0.506895,"[18.1095, 19.0071, 18.9665]",56.9,30.4,13.55,46,139,405,394,9.07,49,1695,4006,394,32.71,2026-08-16 16:40:50 UTC,"C:/Users/Federico/Documents/evo-compress/tools/llamacpp-b10098/llama-bench.exe -m D:/evo-compress-data/gguf/Qwen3-30B-A3B-Q2_K.gguf -ngl 99 -ub 512 -t 3 -ctk f16 -ctv f16 -b 2048 -mmp 0 -fa 1 -ot ""blk\.(4|5|6|7|8|9|10|11|12|13|14|15|16|17|18|19|20|21|22|23|24|25|26|27|28|29|30|31|32|33|34|35|36|37|38|39|40|41|42|43|44|45|46|47)\.ffn_.*_exps\.=CPU"" -n 128 -p 0 -r 3 -o json"
c6f698a265f00db7,30B,3,6,ngl,16,512,3,f16,0,1,0.917,ok,16.442741,0.297492,"[16.1022, 16.5738, 16.6522]",60.0,30.4,13.54,45,139,405,394,8.78,47,1506,4006,394,24.39,2026-08-16 16:42:21 UTC,"C:/Users/Federico/Documents/evo-compress/tools/llamacpp-b10098/llama-bench.exe -m D:/evo-compress-data/gguf/Qwen3-30B-A3B-Q2_K.gguf -ngl 16 -ub 512 -t 3 -ctk f16 -ctv f16 -b 2048 -mmp 0 -fa 1 -ot ""blk\.(4|5|6|7|8|9|10|11|12|13|14|15|16|17|18|19|20|21|22|23|24|25|26|27|28|29|30|31|32|33|34|35|36|37|38|39|40|41|42|43|44|45|46|47)\.ffn_.*_exps\.=CPU"" -n 128 -p 0 -r 3 -o json"
b71fc01c402b849d,30B,3,7,ctk,16,512,3,q8_0,0,1,0.917,ok,15.958411,0.225727,"[15.7054, 16.0305, 16.1393]",60.7,30.3,13.59,43,139,405,394,8.68,44,873,810,396,10.89,2026-08-16 16:43:53 UTC,"C:/Users/Federico/Documents/evo-compress/tools/llamacpp-b10098/llama-bench.exe -m D:/evo-compress-data/gguf/Qwen3-30B-A3B-Q2_K.gguf -ngl 16 -ub 512 -t 3 -ctk q8_0 -ctv f16 -b 2048 -mmp 0 -fa 1 -ot ""blk\.(4|5|6|7|8|9|10|11|12|13|14|15|16|17|18|19|20|21|22|23|24|25|26|27|28|29|30|31|32|33|34|35|36|37|38|39|40|41|42|43|44|45|46|47)\.ffn_.*_exps\.=CPU"" -n 128 -p 0 -r 3 -o json"
37f65e43e980efb4,30B,4,0,base,99,512,1,q8_0,0,0,0.917,ok,9.540165,0.400417,"[9.6884, 9.8454, 9.0868]",76.6,30.3,13.6,42,139,405,396,8.20,45,999,4006,394,26.38,2026-08-16 16:45:41 UTC,"C:/Users/Federico/Documents/evo-compress/tools/llamacpp-b10098/llama-bench.exe -m D:/evo-compress-data/gguf/Qwen3-30B-A3B-Q2_K.gguf -ngl 99 -ub 512 -t 1 -ctk q8_0 -ctv f16 -b 2048 -mmp 0 -fa 0 -ot ""blk\.(4|5|6|7|8|9|10|11|12|13|14|15|16|17|18|19|20|21|22|23|24|25|26|27|28|29|30|31|32|33|34|35|36|37|38|39|40|41|42|43|44|45|46|47)\.ffn_.*_exps\.=CPU"" -n 128 -p 0 -r 3 -o json"
c80bf00517875671,30B,4,1,t,99,512,3,q8_0,0,0,0.917,ok,18.199655,0.813542,"[17.2798, 18.4946, 18.8246]",57.4,30.4,13.58,42,139,405,394,8.68,48,1873,4006,394,37.50,2026-08-16 16:47:09 UTC,"C:/Users/Federico/Documents/evo-compress/tools/llamacpp-b10098/llama-bench.exe -m D:/evo-compress-data/gguf/Qwen3-30B-A3B-Q2_K.gguf -ngl 99 -ub 512 -t 3 -ctk q8_0 -ctv f16 -b 2048 -mmp 0 -fa 0 -ot ""blk\.(4|5|6|7|8|9|10|11|12|13|14|15|16|17|18|19|20|21|22|23|24|25|26|27|28|29|30|31|32|33|34|35|36|37|38|39|40|41|42|43|44|45|46|47)\.ffn_.*_exps\.=CPU"" -n 128 -p 0 -r 3 -o json"
28a2795ed3b2f7b0,30B,4,2,ctk,99,512,3,f16,0,0,0.917,ok,17.940094,0.553347,"[17.3048, 18.199, 18.3165]",57.5,30.4,13.57,43,139,405,394,8.68,49,1873,4006,394,37.22,2026-08-16 16:48:37 UTC,"C:/Users/Federico/Documents/evo-compress/tools/llamacpp-b10098/llama-bench.exe -m D:/evo-compress-data/gguf/Qwen3-30B-A3B-Q2_K.gguf -ngl 99 -ub 512 -t 3 -ctk f16 -ctv f16 -b 2048 -mmp 0 -fa 0 -ot ""blk\.(4|5|6|7|8|9|10|11|12|13|14|15|16|17|18|19|20|21|22|23|24|25|26|27|28|29|30|31|32|33|34|35|36|37|38|39|40|41|42|43|44|45|46|47)\.ffn_.*_exps\.=CPU"" -n 128 -p 0 -r 3 -o json"
498fbc52d9ac365b,30B,4,3,ngl,16,512,3,f16,0,0,0.917,ok,15.815666,0.357586,"[15.4028, 16.0176, 16.0266]",61.0,30.4,13.58,44,139,405,394,8.97,45,911,4006,394,26.10,2026-08-16 16:50:09 UTC,"C:/Users/Federico/Documents/evo-compress/tools/llamacpp-b10098/llama-bench.exe -m D:/evo-compress-data/gguf/Qwen3-30B-A3B-Q2_K.gguf -ngl 16 -ub 512 -t 3 -ctk f16 -ctv f16 -b 2048 -mmp 0 -fa 0 -ot ""blk\.(4|5|6|7|8|9|10|11|12|13|14|15|16|17|18|19|20|21|22|23|24|25|26|27|28|29|30|31|32|33|34|35|36|37|38|39|40|41|42|43|44|45|46|47)\.ffn_.*_exps\.=CPU"" -n 128 -p 0 -r 3 -o json"
05608d005f290b95,30B,4,4,ub,16,2048,3,f16,0,0,0.917,ok,15.267712,0.250219,"[15.0388, 15.5348, 15.2295]",61.8,30.4,13.65,43,139,405,394,8.97,45,911,4006,394,25.91,2026-08-16 16:51:42 UTC,"C:/Users/Federico/Documents/evo-compress/tools/llamacpp-b10098/llama-bench.exe -m D:/evo-compress-data/gguf/Qwen3-30B-A3B-Q2_K.gguf -ngl 16 -ub 2048 -t 3 -ctk f16 -ctv f16 -b 2048 -mmp 0 -fa 0 -ot ""blk\.(4|5|6|7|8|9|10|11|12|13|14|15|16|17|18|19|20|21|22|23|24|25|26|27|28|29|30|31|32|33|34|35|36|37|38|39|40|41|42|43|44|45|46|47)\.ffn_.*_exps\.=CPU"" -n 128 -p 0 -r 3 -o json"
f78c2729e89b9e90,30B,4,5,mmp,16,2048,3,f16,1,0,0.917,ok,6.282347,3.585357,"[2.1986, 7.7352, 8.9132]",99.8,30.4,13.65,42,139,405,394,8.87,43,961,4006,394,26.29,2026-08-16 16:53:53 UTC,"C:/Users/Federico/Documents/evo-compress/tools/llamacpp-b10098/llama-bench.exe -m D:/evo-compress-data/gguf/Qwen3-30B-A3B-Q2_K.gguf -ngl 16 -ub 2048 -t 3 -ctk f16 -ctv f16 -b 2048 -mmp 1 -fa 0 -ot ""blk\.(4|5|6|7|8|9|10|11|12|13|14|15|16|17|18|19|20|21|22|23|24|25|26|27|28|29|30|31|32|33|34|35|36|37|38|39|40|41|42|43|44|45|46|47)\.ffn_.*_exps\.=CPU"" -n 128 -p 0 -r 3 -o json"
8b68f8a3269e1fff,30B,4,6,moe_cpu_frac,16,2048,3,f16,1,0,0.75,ok,13.531203,0.544756,"[12.9056, 13.7876, 13.9005]",30.3,30.4,13.62,41,139,405,394,8.68,44,974,4006,394,26.19,2026-08-16 16:54:54 UTC,"C:/Users/Federico/Documents/evo-compress/tools/llamacpp-b10098/llama-bench.exe -m D:/evo-compress-data/gguf/Qwen3-30B-A3B-Q2_K.gguf -ngl 16 -ub 2048 -t 3 -ctk f16 -ctv f16 -b 2048 -mmp 1 -fa 0 -ot ""blk\.(12|13|14|15|16|17|18|19|20|21|22|23|24|25|26|27|28|29|30|31|32|33|34|35|36|37|38|39|40|41|42|43|44|45|46|47)\.ffn_.*_exps\.=CPU"" -n 128 -p 0 -r 3 -o json"
63f687bb4bcde346,30B,4,7,fa,16,2048,3,f16,1,1,0.75,ok,13.996795,0.375111,"[13.5902, 14.0707, 14.3295]",29.4,30.4,13.6,43,708,810,394,10.03,45,898,4006,394,26.10,2026-08-16 16:55:54 UTC,"C:/Users/Federico/Documents/evo-compress/tools/llamacpp-b10098/llama-bench.exe -m D:/evo-compress-data/gguf/Qwen3-30B-A3B-Q2_K.gguf -ngl 16 -ub 2048 -t 3 -ctk f16 -ctv f16 -b 2048 -mmp 1 -fa 1 -ot ""blk\.(12|13|14|15|16|17|18|19|20|21|22|23|24|25|26|27|28|29|30|31|32|33|34|35|36|37|38|39|40|41|42|43|44|45|46|47)\.ffn_.*_exps\.=CPU"" -n 128 -p 0 -r 3 -o json"
63e1e38731600fdb,30B,5,0,base,32,2048,2,q8_0,1,1,0.75,ok,10.8524,0.514035,"[10.2589, 11.1452, 11.1532]",37.5,30.4,13.54,45,708,810,394,10.89,46,949,4006,396,26.19,2026-08-16 16:57:02 UTC,"C:/Users/Federico/Documents/evo-compress/tools/llamacpp-b10098/llama-bench.exe -m D:/evo-compress-data/gguf/Qwen3-30B-A3B-Q2_K.gguf -ngl 32 -ub 2048 -t 2 -ctk q8_0 -ctv f16 -b 2048 -mmp 1 -fa 1 -ot ""blk\.(12|13|14|15|16|17|18|19|20|21|22|23|24|25|26|27|28|29|30|31|32|33|34|35|36|37|38|39|40|41|42|43|44|45|46|47)\.ffn_.*_exps\.=CPU"" -n 128 -p 0 -r 3 -o json"
c4fa76f5d19d7d27,30B,5,1,mmp,32,2048,2,q8_0,0,1,0.75,ok,12.439407,0.242045,"[12.1605, 12.5947, 12.563]",56.9,30.3,13.54,45,139,405,396,8.39,47,1506,4006,394,30.03,2026-08-16 16:58:30 UTC,"C:/Users/Federico/Documents/evo-compress/tools/llamacpp-b10098/llama-bench.exe -m D:/evo-compress-data/gguf/Qwen3-30B-A3B-Q2_K.gguf -ngl 32 -ub 2048 -t 2 -ctk q8_0 -ctv f16 -b 2048 -mmp 0 -fa 1 -ot ""blk\.(12|13|14|15|16|17|18|19|20|21|22|23|24|25|26|27|28|29|30|31|32|33|34|35|36|37|38|39|40|41|42|43|44|45|46|47)\.ffn_.*_exps\.=CPU"" -n 128 -p 0 -r 3 -o json"
5653a4b92714ba69,30B,5,2,fa,32,2048,2,q8_0,0,0,0.75,ok,12.459759,0.406636,"[12.5187, 12.8337, 12.0269]",67.6,30.4,13.52,44,139,405,394,8.59,46,987,4006,394,26.48,2026-08-16 17:00:09 UTC,"C:/Users/Federico/Documents/evo-compress/tools/llamacpp-b10098/llama-bench.exe -m D:/evo-compress-data/gguf/Qwen3-30B-A3B-Q2_K.gguf -ngl 32 -ub 2048 -t 2 -ctk q8_0 -ctv f16 -b 2048 -mmp 0 -fa 0 -ot ""blk\.(12|13|14|15|16|17|18|19|20|21|22|23|24|25|26|27|28|29|30|31|32|33|34|35|36|37|38|39|40|41|42|43|44|45|46|47)\.ffn_.*_exps\.=CPU"" -n 128 -p 0 -r 3 -o json"
700501df07dd4fe0,30B,5,3,ngl,0,2048,2,q8_0,0,0,0.75,ok,9.535675,0.096562,"[9.4402, 9.5335, 9.6333]",76.9,30.4,13.58,46,987,4006,394,26.48,42,139,405,394,8.59,2026-08-16 17:01:57 UTC,"C:/Users/Federico/Documents/evo-compress/tools/llamacpp-b10098/llama-bench.exe -m D:/evo-compress-data/gguf/Qwen3-30B-A3B-Q2_K.gguf -ngl 0 -ub 2048 -t 2 -ctk q8_0 -ctv f16 -b 2048 -mmp 0 -fa 0 -ot ""blk\.(12|13|14|15|16|17|18|19|20|21|22|23|24|25|26|27|28|29|30|31|32|33|34|35|36|37|38|39|40|41|42|43|44|45|46|47)\.ffn_.*_exps\.=CPU"" -n 128 -p 0 -r 3 -o json"
fd1cec4b41a7d8c7,30B,5,4,moe_cpu_frac,0,2048,2,q8_0,0,0,0.917,ok,9.566652,0.09623,"[9.4556, 9.6193, 9.625]",76.7,30.4,13.63,41,139,405,394,8.40,40,139,405,394,8.68,2026-08-16 17:03:45 UTC,"C:/Users/Federico/Documents/evo-compress/tools/llamacpp-b10098/llama-bench.exe -m D:/evo-compress-data/gguf/Qwen3-30B-A3B-Q2_K.gguf -ngl 0 -ub 2048 -t 2 -ctk q8_0 -ctv f16 -b 2048 -mmp 0 -fa 0 -ot ""blk\.(4|5|6|7|8|9|10|11|12|13|14|15|16|17|18|19|20|21|22|23|24|25|26|27|28|29|30|31|32|33|34|35|36|37|38|39|40|41|42|43|44|45|46|47)\.ffn_.*_exps\.=CPU"" -n 128 -p 0 -r 3 -o json"
69503a1eafbcd059,30B,5,5,ub,0,512,2,q8_0,0,0,0.917,ok,9.519842,0.069427,"[9.4453, 9.5316, 9.5826]",76.8,30.4,13.66,39,139,405,394,8.68,39,139,405,394,8.49,2026-08-16 17:05:32 UTC,"C:/Users/Federico/Documents/evo-compress/tools/llamacpp-b10098/llama-bench.exe -m D:/evo-compress-data/gguf/Qwen3-30B-A3B-Q2_K.gguf -ngl 0 -ub 512 -t 2 -ctk q8_0 -ctv f16 -b 2048 -mmp 0 -fa 0 -ot ""blk\.(4|5|6|7|8|9|10|11|12|13|14|15|16|17|18|19|20|21|22|23|24|25|26|27|28|29|30|31|32|33|34|35|36|37|38|39|40|41|42|43|44|45|46|47)\.ffn_.*_exps\.=CPU"" -n 128 -p 0 -r 3 -o json"
a81df1d8fa78109a,30B,5,6,ctk,0,512,2,f16,0,0,0.917,ok,9.597028,0.16898,"[9.4022, 9.6849, 9.704]",76.6,30.4,13.67,38,139,405,394,8.68,38,139,405,394,8.78,2026-08-16 17:07:20 UTC,"C:/Users/Federico/Documents/evo-compress/tools/llamacpp-b10098/llama-bench.exe -m D:/evo-compress-data/gguf/Qwen3-30B-A3B-Q2_K.gguf -ngl 0 -ub 512 -t 2 -ctk f16 -ctv f16 -b 2048 -mmp 0 -fa 0 -ot ""blk\.(4|5|6|7|8|9|10|11|12|13|14|15|16|17|18|19|20|21|22|23|24|25|26|27|28|29|30|31|32|33|34|35|36|37|38|39|40|41|42|43|44|45|46|47)\.ffn_.*_exps\.=CPU"" -n 128 -p 0 -r 3 -o json"
c678d46d6d1692f7,30B,5,7,t,0,512,4,f16,0,0,0.917,ok,13.098409,0.137147,"[12.965, 13.239, 13.0911]",65.8,30.3,13.7,37,139,405,394,8.68,37,139,405,394,8.68,2026-08-16 17:08:57 UTC,"C:/Users/Federico/Documents/evo-compress/tools/llamacpp-b10098/llama-bench.exe -m D:/evo-compress-data/gguf/Qwen3-30B-A3B-Q2_K.gguf -ngl 0 -ub 512 -t 4 -ctk f16 -ctv f16 -b 2048 -mmp 0 -fa 0 -ot ""blk\.(4|5|6|7|8|9|10|11|12|13|14|15|16|17|18|19|20|21|22|23|24|25|26|27|28|29|30|31|32|33|34|35|36|37|38|39|40|41|42|43|44|45|46|47)\.ffn_.*_exps\.=CPU"" -n 128 -p 0 -r 3 -o json"
98ee3316ae359476,30B,6,0,base,32,128,2,q8_0,0,0,0.833,ok,12.470881,0.300048,"[12.5227, 12.7416, 12.1483]",67.4,30.3,13.71,37,139,405,394,8.59,41,987,4006,394,26.28,2026-08-16 17:10:35 UTC,"C:/Users/Federico/Documents/evo-compress/tools/llamacpp-b10098/llama-bench.exe -m D:/evo-compress-data/gguf/Qwen3-30B-A3B-Q2_K.gguf -ngl 32 -ub 128 -t 2 -ctk q8_0 -ctv f16 -b 2048 -mmp 0 -fa 0 -ot ""blk\.(8|9|10|11|12|13|14|15|16|17|18|19|20|21|22|23|24|25|26|27|28|29|30|31|32|33|34|35|36|37|38|39|40|41|42|43|44|45|46|47)\.ffn_.*_exps\.=CPU"" -n 128 -p 0 -r 3 -o json"
6a31bd7af6ab37bb,30B,6,1,ngl,0,128,2,q8_0,0,0,0.833,ok,9.698244,0.161128,"[9.5124, 9.7984, 9.784]",76.2,30.4,13.73,42,987,4006,394,26.19,40,139,405,394,8.68,2026-08-16 17:12:23 UTC,"C:/Users/Federico/Documents/evo-compress/tools/llamacpp-b10098/llama-bench.exe -m D:/evo-compress-data/gguf/Qwen3-30B-A3B-Q2_K.gguf -ngl 0 -ub 128 -t 2 -ctk q8_0 -ctv f16 -b 2048 -mmp 0 -fa 0 -ot ""blk\.(8|9|10|11|12|13|14|15|16|17|18|19|20|21|22|23|24|25|26|27|28|29|30|31|32|33|34|35|36|37|38|39|40|41|42|43|44|45|46|47)\.ffn_.*_exps\.=CPU"" -n 128 -p 0 -r 3 -o json"
0df0eb00df79e3f9,30B,6,2,t,0,128,4,q8_0,0,0,0.833,ok,13.274723,0.172629,"[13.0754, 13.3744, 13.3744]",65.4,30.4,13.76,39,139,405,394,8.49,38,139,405,394,8.68,2026-08-16 17:13:59 UTC,"C:/Users/Federico/Documents/evo-compress/tools/llamacpp-b10098/llama-bench.exe -m D:/evo-compress-data/gguf/Qwen3-30B-A3B-Q2_K.gguf -ngl 0 -ub 128 -t 4 -ctk q8_0 -ctv f16 -b 2048 -mmp 0 -fa 0 -ot ""blk\.(8|9|10|11|12|13|14|15|16|17|18|19|20|21|22|23|24|25|26|27|28|29|30|31|32|33|34|35|36|37|38|39|40|41|42|43|44|45|46|47)\.ffn_.*_exps\.=CPU"" -n 128 -p 0 -r 3 -o json"
cf8dd50155bc17cf,30B,6,3,ctk,0,128,4,f16,0,0,0.833,ok,13.183574,0.14103,"[13.0208, 13.2614, 13.2685]",65.7,30.3,13.78,38,139,405,394,8.49,38,139,405,394,8.78,2026-08-16 17:15:36 UTC,"C:/Users/Federico/Documents/evo-compress/tools/llamacpp-b10098/llama-bench.exe -m D:/evo-compress-data/gguf/Qwen3-30B-A3B-Q2_K.gguf -ngl 0 -ub 128 -t 4 -ctk f16 -ctv f16 -b 2048 -mmp 0 -fa 0 -ot ""blk\.(8|9|10|11|12|13|14|15|16|17|18|19|20|21|22|23|24|25|26|27|28|29|30|31|32|33|34|35|36|37|38|39|40|41|42|43|44|45|46|47)\.ffn_.*_exps\.=CPU"" -n 128 -p 0 -r 3 -o json"
07dc5e363b63dc3c,30B,6,4,moe_cpu_frac,0,128,4,f16,0,0,1.0,ok,12.972685,0.081587,"[12.943, 12.9101, 13.065]",66.1,30.3,13.79,37,139,405,394,8.20,37,139,405,394,8.68,2026-08-16 17:17:13 UTC,C:/Users/Federico/Documents/evo-compress/tools/llamacpp-b10098/llama-bench.exe -m D:/evo-compress-data/gguf/Qwen3-30B-A3B-Q2_K.gguf -ngl 0 -ub 128 -t 4 -ctk f16 -ctv f16 -b 2048 -mmp 0 -fa 0 -ot exps=CPU -n 128 -p 0 -r 3 -o json
09405885a13d7910,30B,6,5,ub,0,1024,4,f16,0,0,1.0,ok,13.383076,0.162969,"[13.2301, 13.3647, 13.5544]",65.3,30.3,13.81,37,139,405,394,8.68,37,139,405,394,8.39,2026-08-16 17:18:49 UTC,C:/Users/Federico/Documents/evo-compress/tools/llamacpp-b10098/llama-bench.exe -m D:/evo-compress-data/gguf/Qwen3-30B-A3B-Q2_K.gguf -ngl 0 -ub 1024 -t 4 -ctk f16 -ctv f16 -b 2048 -mmp 0 -fa 0 -ot exps=CPU -n 128 -p 0 -r 3 -o json
c36a514173141987,30B,6,6,fa,0,1024,4,f16,0,1,1.0,ok,13.138782,0.332151,"[12.9583, 13.5221, 12.9359]",65.8,30.3,13.8,37,139,405,394,8.30,37,139,405,396,8.68,2026-08-16 17:20:26 UTC,C:/Users/Federico/Documents/evo-compress/tools/llamacpp-b10098/llama-bench.exe -m D:/evo-compress-data/gguf/Qwen3-30B-A3B-Q2_K.gguf -ngl 0 -ub 1024 -t 4 -ctk f16 -ctv f16 -b 2048 -mmp 0 -fa 1 -ot exps=CPU -n 128 -p 0 -r 3 -o json
ac9d1ff81a2e6a62,30B,6,7,mmp,0,1024,4,f16,1,1,1.0,ok,6.829102,3.558609,"[2.7475, 8.4586, 9.2812]",84.7,30.4,13.82,36,139,405,396,8.68,36,139,405,396,8.01,2026-08-16 17:22:22 UTC,C:/Users/Federico/Documents/evo-compress/tools/llamacpp-b10098/llama-bench.exe -m D:/evo-compress-data/gguf/Qwen3-30B-A3B-Q2_K.gguf -ngl 0 -ub 1024 -t 4 -ctk f16 -ctv f16 -b 2048 -mmp 1 -fa 1 -ot exps=CPU -n 128 -p 0 -r 3 -o json
1eef79ae3e039c87,30B,7,0,base,99,512,1,q8_0,1,0,0.917,ok,7.935567,0.295805,"[7.6005, 8.0457, 8.1605]",51.3,30.3,13.8,36,139,405,396,7.53,40,898,4006,394,25.91,2026-08-16 17:23:44 UTC,"C:/Users/Federico/Documents/evo-compress/tools/llamacpp-b10098/llama-bench.exe -m D:/evo-compress-data/gguf/Qwen3-30B-A3B-Q2_K.gguf -ngl 99 -ub 512 -t 1 -ctk q8_0 -ctv f16 -b 2048 -mmp 1 -fa 0 -ot ""blk\.(4|5|6|7|8|9|10|11|12|13|14|15|16|17|18|19|20|21|22|23|24|25|26|27|28|29|30|31|32|33|34|35|36|37|38|39|40|41|42|43|44|45|46|47)\.ffn_.*_exps\.=CPU"" -n 128 -p 0 -r 3 -o json"
29154bd7a0afabf5,30B,7,1,mmp,99,512,1,q8_0,0,0,0.917,ok,8.390054,0.087605,"[8.2917, 8.4598, 8.4187]",69.5,30.4,13.76,39,139,405,394,8.40,43,911,4006,394,26.10,2026-08-16 17:25:24 UTC,"C:/Users/Federico/Documents/evo-compress/tools/llamacpp-b10098/llama-bench.exe -m D:/evo-compress-data/gguf/Qwen3-30B-A3B-Q2_K.gguf -ngl 99 -ub 512 -t 1 -ctk q8_0 -ctv f16 -b 2048 -mmp 0 -fa 0 -ot ""blk\.(4|5|6|7|8|9|10|11|12|13|14|15|16|17|18|19|20|21|22|23|24|25|26|27|28|29|30|31|32|33|34|35|36|37|38|39|40|41|42|43|44|45|46|47)\.ffn_.*_exps\.=CPU"" -n 128 -p 0 -r 3 -o json"
08d46d6b7ca2659b,30B,7,2,moe_cpu_frac,99,512,1,q8_0,0,0,0.75,ok,10.553861,0.112904,"[10.4237, 10.625, 10.6129]",72.1,30.4,13.76,41,139,405,394,8.88,46,1506,4006,396,30.12,2026-08-16 17:27:07 UTC,"C:/Users/Federico/Documents/evo-compress/tools/llamacpp-b10098/llama-bench.exe -m D:/evo-compress-data/gguf/Qwen3-30B-A3B-Q2_K.gguf -ngl 99 -ub 512 -t 1 -ctk q8_0 -ctv f16 -b 2048 -mmp 0 -fa 0 -ot ""blk\.(12|13|14|15|16|17|18|19|20|21|22|23|24|25|26|27|28|29|30|31|32|33|34|35|36|37|38|39|40|41|42|43|44|45|46|47)\.ffn_.*_exps\.=CPU"" -n 128 -p 0 -r 3 -o json"
5642ea035cd8ac8f,30B,7,3,ctk,99,512,1,f16,0,0,0.75,ok,10.48106,0.096876,"[10.3695, 10.5301, 10.5437]",72.2,30.4,13.68,43,139,405,396,8.78,48,1506,4006,396,30.22,2026-08-16 17:28:51 UTC,"C:/Users/Federico/Documents/evo-compress/tools/llamacpp-b10098/llama-bench.exe -m D:/evo-compress-data/gguf/Qwen3-30B-A3B-Q2_K.gguf -ngl 99 -ub 512 -t 1 -ctk f16 -ctv f16 -b 2048 -mmp 0 -fa 0 -ot ""blk\.(12|13|14|15|16|17|18|19|20|21|22|23|24|25|26|27|28|29|30|31|32|33|34|35|36|37|38|39|40|41|42|43|44|45|46|47)\.ffn_.*_exps\.=CPU"" -n 128 -p 0 -r 3 -o json"
b404c1d8f3807d8c,30B,7,4,ub,99,2048,1,f16,0,0,0.75,ok,10.415787,0.083512,"[10.3218, 10.4815, 10.444]",72.5,30.4,13.61,45,139,405,396,8.78,49,1506,4006,398,30.22,2026-08-16 17:30:34 UTC,"C:/Users/Federico/Documents/evo-compress/tools/llamacpp-b10098/llama-bench.exe -m D:/evo-compress-data/gguf/Qwen3-30B-A3B-Q2_K.gguf -ngl 99 -ub 2048 -t 1 -ctk f16 -ctv f16 -b 2048 -mmp 0 -fa 0 -ot ""blk\.(12|13|14|15|16|17|18|19|20|21|22|23|24|25|26|27|28|29|30|31|32|33|34|35|36|37|38|39|40|41|42|43|44|45|46|47)\.ffn_.*_exps\.=CPU"" -n 128 -p 0 -r 3 -o json"
75b978e0e8df681e,30B,7,5,ngl,16,2048,1,f16,0,0,0.75,ok,6.607961,0.776722,"[7.4429, 6.4742, 5.9068]",95.5,30.3,13.64,46,139,405,400,8.68,44,683,810,396,10.41,2026-08-16 17:32:41 UTC,"C:/Users/Federico/Documents/evo-compress/tools/llamacpp-b10098/llama-bench.exe -m D:/evo-compress-data/gguf/Qwen3-30B-A3B-Q2_K.gguf -ngl 16 -ub 2048 -t 1 -ctk f16 -ctv f16 -b 2048 -mmp 0 -fa 0 -ot ""blk\.(12|13|14|15|16|17|18|19|20|21|22|23|24|25|26|27|28|29|30|31|32|33|34|35|36|37|38|39|40|41|42|43|44|45|46|47)\.ffn_.*_exps\.=CPU"" -n 128 -p 0 -r 3 -o json"
a4a9c5edcd9b6183,30B,7,6,fa,16,2048,1,f16,0,1,0.75,ok,5.707674,0.309641,"[5.4704, 5.5947, 6.0579]",104.2,30.3,13.69,43,139,405,396,8.68,41,708,810,399,10.70,2026-08-16 17:34:56 UTC,"C:/Users/Federico/Documents/evo-compress/tools/llamacpp-b10098/llama-bench.exe -m D:/evo-compress-data/gguf/Qwen3-30B-A3B-Q2_K.gguf -ngl 16 -ub 2048 -t 1 -ctk f16 -ctv f16 -b 2048 -mmp 0 -fa 1 -ot ""blk\.(12|13|14|15|16|17|18|19|20|21|22|23|24|25|26|27|28|29|30|31|32|33|34|35|36|37|38|39|40|41|42|43|44|45|46|47)\.ffn_.*_exps\.=CPU"" -n 128 -p 0 -r 3 -o json"
469d5f966b5cf5b8,30B,7,7,t,16,2048,3,f16,0,1,0.75,ok,16.38739,0.277155,"[16.0765, 16.6087, 16.477]",61.6,30.3,13.45,40,139,405,399,8.40,43,847,810,396,10.51,2026-08-16 17:36:29 UTC,"C:/Users/Federico/Documents/evo-compress/tools/llamacpp-b10098/llama-bench.exe -m D:/evo-compress-data/gguf/Qwen3-30B-A3B-Q2_K.gguf -ngl 16 -ub 2048 -t 3 -ctk f16 -ctv f16 -b 2048 -mmp 0 -fa 1 -ot ""blk\.(12|13|14|15|16|17|18|19|20|21|22|23|24|25|26|27|28|29|30|31|32|33|34|35|36|37|38|39|40|41|42|43|44|45|46|47)\.ffn_.*_exps\.=CPU"" -n 128 -p 0 -r 3 -o json"
85346ccb0e7ed097,30B,8,0,base,16,512,3,f16,1,1,0.75,ok,5.867024,3.421187,"[2.0496, 6.8954, 8.656]",106.9,30.3,13.53,40,139,405,396,8.88,42,974,4006,396,26.38,2026-08-16 17:38:47 UTC,"C:/Users/Federico/Documents/evo-compress/tools/llamacpp-b10098/llama-bench.exe -m D:/evo-compress-data/gguf/Qwen3-30B-A3B-Q2_K.gguf -ngl 16 -ub 512 -t 3 -ctk f16 -ctv f16 -b 2048 -mmp 1 -fa 1 -ot ""blk\.(12|13|14|15|16|17|18|19|20|21|22|23|24|25|26|27|28|29|30|31|32|33|34|35|36|37|38|39|40|41|42|43|44|45|46|47)\.ffn_.*_exps\.=CPU"" -n 128 -p 0 -r 3 -o json"
4d44c9e05cc43feb,30B,8,1,ctk,16,512,3,q8_0,1,1,0.75,ok,13.336933,0.644289,"[12.5962, 13.7671, 13.6476]",30.9,30.4,13.47,42,139,405,396,8.20,44,949,4006,396,26.00,2026-08-16 17:39:49 UTC,"C:/Users/Federico/Documents/evo-compress/tools/llamacpp-b10098/llama-bench.exe -m D:/evo-compress-data/gguf/Qwen3-30B-A3B-Q2_K.gguf -ngl 16 -ub 512 -t 3 -ctk q8_0 -ctv f16 -b 2048 -mmp 1 -fa 1 -ot ""blk\.(12|13|14|15|16|17|18|19|20|21|22|23|24|25|26|27|28|29|30|31|32|33|34|35|36|37|38|39|40|41|42|43|44|45|46|47)\.ffn_.*_exps\.=CPU"" -n 128 -p 0 -r 3 -o json"
fba801fd3248f52a,30B,8,2,fa,16,512,3,q8_0,1,0,0.75,ok,13.671564,0.57597,"[13.0249, 13.8603, 14.1295]",30.0,30.4,13.49,43,139,405,396,8.88,45,936,4006,396,26.29,2026-08-16 17:40:49 UTC,"C:/Users/Federico/Documents/evo-compress/tools/llamacpp-b10098/llama-bench.exe -m D:/evo-compress-data/gguf/Qwen3-30B-A3B-Q2_K.gguf -ngl 16 -ub 512 -t 3 -ctk q8_0 -ctv f16 -b 2048 -mmp 1 -fa 0 -ot ""blk\.(12|13|14|15|16|17|18|19|20|21|22|23|24|25|26|27|28|29|30|31|32|33|34|35|36|37|38|39|40|41|42|43|44|45|46|47)\.ffn_.*_exps\.=CPU"" -n 128 -p 0 -r 3 -o json"
498c4bcfac899f85,30B,8,3,mmp,16,512,3,q8_0,0,0,0.75,ok,16.078322,0.297959,"[15.7634, 16.1158, 16.3558]",50.4,30.4,13.48,44,708,810,396,10.22,46,1506,4006,398,30.03,2026-08-16 17:42:11 UTC,"C:/Users/Federico/Documents/evo-compress/tools/llamacpp-b10098/llama-bench.exe -m D:/evo-compress-data/gguf/Qwen3-30B-A3B-Q2_K.gguf -ngl 16 -ub 512 -t 3 -ctk q8_0 -ctv f16 -b 2048 -mmp 0 -fa 0 -ot ""blk\.(12|13|14|15|16|17|18|19|20|21|22|23|24|25|26|27|28|29|30|31|32|33|34|35|36|37|38|39|40|41|42|43|44|45|46|47)\.ffn_.*_exps\.=CPU"" -n 128 -p 0 -r 3 -o json"
2973061d894679ca,30B,8,4,moe_cpu_frac,16,512,3,q8_0,0,0,0.917,ok,16.094639,0.256778,"[15.8332, 16.1042, 16.3465]",60.5,30.3,13.57,44,139,405,398,8.68,45,911,4006,398,26.19,2026-08-16 17:43:42 UTC,"C:/Users/Federico/Documents/evo-compress/tools/llamacpp-b10098/llama-bench.exe -m D:/evo-compress-data/gguf/Qwen3-30B-A3B-Q2_K.gguf -ngl 16 -ub 512 -t 3 -ctk q8_0 -ctv f16 -b 2048 -mmp 0 -fa 0 -ot ""blk\.(4|5|6|7|8|9|10|11|12|13|14|15|16|17|18|19|20|21|22|23|24|25|26|27|28|29|30|31|32|33|34|35|36|37|38|39|40|41|42|43|44|45|46|47)\.ffn_.*_exps\.=CPU"" -n 128 -p 0 -r 3 -o json"
afe5735581fc6820,30B,8,5,t,16,512,1,q8_0,0,0,0.917,ok,5.791519,0.142846,"[5.6289, 5.8491, 5.8966]",103.1,30.3,13.62,42,139,405,398,8.68,40,708,810,398,10.03,2026-08-16 17:45:56 UTC,"C:/Users/Federico/Documents/evo-compress/tools/llamacpp-b10098/llama-bench.exe -m D:/evo-compress-data/gguf/Qwen3-30B-A3B-Q2_K.gguf -ngl 16 -ub 512 -t 1 -ctk q8_0 -ctv f16 -b 2048 -mmp 0 -fa 0 -ot ""blk\.(4|5|6|7|8|9|10|11|12|13|14|15|16|17|18|19|20|21|22|23|24|25|26|27|28|29|30|31|32|33|34|35|36|37|38|39|40|41|42|43|44|45|46|47)\.ffn_.*_exps\.=CPU"" -n 128 -p 0 -r 3 -o json"
538012ecc7bebc1a,30B,8,6,ub,16,2048,1,q8_0,0,0,0.917,ok,5.843217,0.201542,"[5.6107, 5.9517, 5.9673]",102.5,30.4,13.66,39,139,405,398,8.68,39,683,810,396,10.12,2026-08-16 17:48:10 UTC,"C:/Users/Federico/Documents/evo-compress/tools/llamacpp-b10098/llama-bench.exe -m D:/evo-compress-data/gguf/Qwen3-30B-A3B-Q2_K.gguf -ngl 16 -ub 2048 -t 1 -ctk q8_0 -ctv f16 -b 2048 -mmp 0 -fa 0 -ot ""blk\.(4|5|6|7|8|9|10|11|12|13|14|15|16|17|18|19|20|21|22|23|24|25|26|27|28|29|30|31|32|33|34|35|36|37|38|39|40|41|42|43|44|45|46|47)\.ffn_.*_exps\.=CPU"" -n 128 -p 0 -r 3 -o json"
29e2053f7b9347a2,30B,8,7,ngl,99,2048,1,q8_0,0,0,0.917,ok,9.328784,0.454648,"[9.4322, 9.7228, 8.8313]",77.4,30.4,13.68,38,139,405,396,8.88,42,999,4006,396,26.38,2026-08-16 17:49:58 UTC,"C:/Users/Federico/Documents/evo-compress/tools/llamacpp-b10098/llama-bench.exe -m D:/evo-compress-data/gguf/Qwen3-30B-A3B-Q2_K.gguf -ngl 99 -ub 2048 -t 1 -ctk q8_0 -ctv f16 -b 2048 -mmp 0 -fa 0 -ot ""blk\.(4|5|6|7|8|9|10|11|12|13|14|15|16|17|18|19|20|21|22|23|24|25|26|27|28|29|30|31|32|33|34|35|36|37|38|39|40|41|42|43|44|45|46|47)\.ffn_.*_exps\.=CPU"" -n 128 -p 0 -r 3 -o json"
bbe040119d7669fb,30B,9,0,base,16,128,3,q8_0,1,1,0.917,ok,6.020611,3.400479,"[2.1963, 7.1619, 8.7036]",101.1,30.4,13.69,40,139,405,396,8.68,41,898,4006,397,25.81,2026-08-16 17:52:10 UTC,"C:/Users/Federico/Documents/evo-compress/tools/llamacpp-b10098/llama-bench.exe -m D:/evo-compress-data/gguf/Qwen3-30B-A3B-Q2_K.gguf -ngl 16 -ub 128 -t 3 -ctk q8_0 -ctv f16 -b 2048 -mmp 1 -fa 1 -ot ""blk\.(4|5|6|7|8|9|10|11|12|13|14|15|16|17|18|19|20|21|22|23|24|25|26|27|28|29|30|31|32|33|34|35|36|37|38|39|40|41|42|43|44|45|46|47)\.ffn_.*_exps\.=CPU"" -n 128 -p 0 -r 3 -o json"
0d1c6054eebbc3ed,30B,9,1,mmp,16,128,3,q8_0,0,1,0.917,ok,15.522602,0.215919,"[15.2852, 15.7072, 15.5754]",52.4,30.4,13.38,41,139,405,400,8.59,43,1506,4006,396,29.84,2026-08-16 17:53:34 UTC,"C:/Users/Federico/Documents/evo-compress/tools/llamacpp-b10098/llama-bench.exe -m D:/evo-compress-data/gguf/Qwen3-30B-A3B-Q2_K.gguf -ngl 16 -ub 128 -t 3 -ctk q8_0 -ctv f16 -b 2048 -mmp 0 -fa 1 -ot ""blk\.(4|5|6|7|8|9|10|11|12|13|14|15|16|17|18|19|20|21|22|23|24|25|26|27|28|29|30|31|32|33|34|35|36|37|38|39|40|41|42|43|44|45|46|47)\.ffn_.*_exps\.=CPU"" -n 128 -p 0 -r 3 -o json"
7a65913a65d471ca,30B,9,2,fa,16,128,3,q8_0,0,0,0.917,ok,15.83671,0.262978,"[15.5344, 15.9629, 16.0128]",60.9,30.4,13.45,41,139,405,396,8.78,44,1506,4006,396,29.93,2026-08-16 17:55:05 UTC,"C:/Users/Federico/Documents/evo-compress/tools/llamacpp-b10098/llama-bench.exe -m D:/evo-compress-data/gguf/Qwen3-30B-A3B-Q2_K.gguf -ngl 16 -ub 128 -t 3 -ctk q8_0 -ctv f16 -b 2048 -mmp 0 -fa 0 -ot ""blk\.(4|5|6|7|8|9|10|11|12|13|14|15|16|17|18|19|20|21|22|23|24|25|26|27|28|29|30|31|32|33|34|35|36|37|38|39|40|41|42|43|44|45|46|47)\.ffn_.*_exps\.=CPU"" -n 128 -p 0 -r 3 -o json"
afd0b07e79078974,30B,9,3,t,16,128,1,q8_0,0,0,0.917,ok,5.819522,0.171529,"[5.6249, 5.885, 5.9487]",102.9,30.4,13.51,41,139,405,396,8.88,40,708,810,396,10.51,2026-08-16 17:57:19 UTC,"C:/Users/Federico/Documents/evo-compress/tools/llamacpp-b10098/llama-bench.exe -m D:/evo-compress-data/gguf/Qwen3-30B-A3B-Q2_K.gguf -ngl 16 -ub 128 -t 1 -ctk q8_0 -ctv f16 -b 2048 -mmp 0 -fa 0 -ot ""blk\.(4|5|6|7|8|9|10|11|12|13|14|15|16|17|18|19|20|21|22|23|24|25|26|27|28|29|30|31|32|33|34|35|36|37|38|39|40|41|42|43|44|45|46|47)\.ffn_.*_exps\.=CPU"" -n 128 -p 0 -r 3 -o json"
adac5d9834c5cbf7,30B,9,4,ngl,99,128,1,q8_0,0,0,0.917,ok,9.217389,0.51846,"[9.427, 9.5982, 8.6269]",78.0,30.4,13.51,39,139,405,396,8.68,43,974,4006,398,26.38,2026-08-16 17:59:08 UTC,"C:/Users/Federico/Documents/evo-compress/tools/llamacpp-b10098/llama-bench.exe -m D:/evo-compress-data/gguf/Qwen3-30B-A3B-Q2_K.gguf -ngl 99 -ub 128 -t 1 -ctk q8_0 -ctv f16 -b 2048 -mmp 0 -fa 0 -ot ""blk\.(4|5|6|7|8|9|10|11|12|13|14|15|16|17|18|19|20|21|22|23|24|25|26|27|28|29|30|31|32|33|34|35|36|37|38|39|40|41|42|43|44|45|46|47)\.ffn_.*_exps\.=CPU"" -n 128 -p 0 -r 3 -o json"
ea1d735fab850d22,30B,9,5,moe_cpu_frac,99,128,1,q8_0,0,0,0.75,ok,10.547544,0.086831,"[10.4496, 10.6152, 10.5778]",71.9,30.4,13.51,40,139,405,398,8.68,46,1506,4006,398,30.12,2026-08-16 18:00:51 UTC,"C:/Users/Federico/Documents/evo-compress/tools/llamacpp-b10098/llama-bench.exe -m D:/evo-compress-data/gguf/Qwen3-30B-A3B-Q2_K.gguf -ngl 99 -ub 128 -t 1 -ctk q8_0 -ctv f16 -b 2048 -mmp 0 -fa 0 -ot ""blk\.(12|13|14|15|16|17|18|19|20|21|22|23|24|25|26|27|28|29|30|31|32|33|34|35|36|37|38|39|40|41|42|43|44|45|46|47)\.ffn_.*_exps\.=CPU"" -n 128 -p 0 -r 3 -o json"
2167bba943383d51,30B,9,6,ub,99,1024,1,q8_0,0,0,0.75,ok,10.717121,0.199169,"[10.4874, 10.8418, 10.8221]",71.3,30.4,13.49,43,139,405,398,8.58,48,1506,4006,396,30.03,2026-08-16 18:02:34 UTC,"C:/Users/Federico/Documents/evo-compress/tools/llamacpp-b10098/llama-bench.exe -m D:/evo-compress-data/gguf/Qwen3-30B-A3B-Q2_K.gguf -ngl 99 -ub 1024 -t 1 -ctk q8_0 -ctv f16 -b 2048 -mmp 0 -fa 0 -ot ""blk\.(12|13|14|15|16|17|18|19|20|21|22|23|24|25|26|27|28|29|30|31|32|33|34|35|36|37|38|39|40|41|42|43|44|45|46|47)\.ffn_.*_exps\.=CPU"" -n 128 -p 0 -r 3 -o json"
7a76ebbb57dc696e,30B,9,7,ctk,99,1024,1,f16,0,0,0.75,ok,10.505026,0.095543,"[10.3962, 10.5438, 10.5751]",72.0,30.4,13.5,45,139,405,396,8.88,49,1506,4006,396,30.32,2026-08-16 18:04:17 UTC,"C:/Users/Federico/Documents/evo-compress/tools/llamacpp-b10098/llama-bench.exe -m D:/evo-compress-data/gguf/Qwen3-30B-A3B-Q2_K.gguf -ngl 99 -ub 1024 -t 1 -ctk f16 -ctv f16 -b 2048 -mmp 0 -fa 0 -ot ""blk\.(12|13|14|15|16|17|18|19|20|21|22|23|24|25|26|27|28|29|30|31|32|33|34|35|36|37|38|39|40|41|42|43|44|45|46|47)\.ffn_.*_exps\.=CPU"" -n 128 -p 0 -r 3 -o json"
